Player,Pos,Age,Tm,G,GS,MP,FG,FGA,FG%,3P,3PA,3P%,2P,2PA,2P%,eFG%,FT,FTA,FT%,ORB,DRB,TRB,AST,STL,BLK,TOV,PF,PTS
Steven Adams,C,26.0,OKC,58.0,58.0,1564.0,262.0,443.0,0.591,1.0,3.0,0.333,261.0,440.0,0.593,0.593,108.0,183.0,0.59,196.0,347.0,543.0,141.0,50.0,65.0,86.0,111.0,633.0
Bam Adebayo,PF,22.0,MIA,65.0,65.0,2235.0,408.0,719.0,0.567,1.0,13.0,0.077,407.0,706.0,0.576,0.568,236.0,342.0,0.69,165.0,518.0,683.0,333.0,78.0,85.0,185.0,164.0,1053.0
LaMarcus Aldridge,C,34.0,SAS,53.0,53.0,1754.0,391.0,793.0,0.493,61.0,157.0,0.389,330.0,636.0,0.519,0.532,158.0,191.0,0.827,103.0,289.0,392.0,129.0,36.0,87.0,74.0,128.0,1001.0
Nickeil Alexander-Walker,SG,21.0,NOP,41.0,0.0,501.0,77.0,227.0,0.339,40.0,117.0,0.342,37.0,110.0,0.336,0.427,17.0,28.0,0.607,8.0,72.0,80.0,74.0,11.0,7.0,40.0,46.0,211.0
Grayson Allen,SG,24.0,MEM,30.0,0.0,498.0,79.0,176.0,0.449,33.0,91.0,0.363,46.0,85.0,0.541,0.543,30.0,35.0,0.857,5.0,61.0,66.0,43.0,6.0,1.0,23.0,36.0,221.0
Jarrett Allen,C,21.0,BRK,64.0,58.0,1647.0,267.0,413.0,0.646,0.0,5.0,0.0,267.0,408.0,0.654,0.646,147.0,237.0,0.62,195.0,410.0,605.0,85.0,37.0,85.0,72.0,144.0,681.0
Kadeem Allen,SG,27.0,NYK,10.0,0.0,117.0,19.0,44.0,0.432,5.0,16.0,0.313,14.0,28.0,0.5,0.489,7.0,11.0,0.636,2.0,7.0,9.0,21.0,5.0,2.0,8.0,7.0,50.0
Al-Farouq Aminu,PF,29.0,ORL,18.0,2.0,380.0,25.0,86.0,0.291,9.0,36.0,0.25,16.0,50.0,0.32,0.343,19.0,29.0,0.655,24.0,63.0,87.0,21.0,18.0,8.0,17.0,27.0,78.0
Justin Anderson,SF,26.0,BRK,3.0,0.0,17.0,1.0,6.0,0.167,0.0,3.0,0.0,1.0,3.0,0.333,0.167,1.0,2.0,0.5,0.0,2.0,2.0,0.0,0.0,1.0,0.0,2.0,3.0
Kyle Anderson,PF,26.0,MEM,59.0,20.0,1140.0,138.0,280.0,0.493,16.0,62.0,0.258,122.0,218.0,0.56,0.521,43.0,66.0,0.652,54.0,203.0,257.0,132.0,46.0,31.0,55.0,85.0,335.0
Ryan Anderson,PF,31.0,HOU,2.0,0.0,14.0,2.0,7.0,0.286,1.0,5.0,0.2,1.0,2.0,0.5,0.357,0.0,0.0,0.0,0.0,7.0,7.0,2.0,1.0,0.0,1.0,1.0,5.0
Giannis Antetokounmpo,PF,25.0,MIL,57.0,57.0,1763.0,623.0,1139.0,0.547,83.0,271.0,0.306,540.0,868.0,0.622,0.583,361.0,570.0,0.633,130.0,653.0,783.0,329.0,59.0,58.0,209.0,173.0,1690.0
Kostas Antetokounmpo,PF,22.0,LAL,3.0,0.0,5.0,0.0,0.0,0.0,0.0,0.0,0.0,0.0,0.0,0.0,0.0,0.0,0.0,0.0,0.0,1.0,1.0,1.0,0.0,0.0,0.0,0.0,0.0
Thanasis Antetokounmpo,SF,27.0,MIL,18.0,2.0,93.0,19.0,36.0,0.528,0.0,7.0,0.0,19.0,29.0,0.655,0.528,7.0,15.0,0.467,11.0,8.0,19.0,9.0,6.0,2.0,11.0,13.0,45.0
Carmelo Anthony,PF,35.0,POR,50.0,50.0,1623.0,289.0,679.0,0.426,72.0,194.0,0.371,217.0,485.0,0.447,0.479,113.0,134.0,0.843,61.0,252.0,313.0,79.0,40.0,23.0,87.0,142.0,763.0
OG Anunoby,SF,22.0,TOR,63.0,62.0,1897.0,267.0,527.0,0.507,82.0,215.0,0.381,185.0,312.0,0.593,0.584,59.0,86.0,0.686,74.0,267.0,341.0,99.0,88.0,42.0,75.0,155.0,675.0
Ryan Arcidiacono,PG,25.0,CHI,58.0,4.0,930.0,90.0,220.0,0.409,54.0,138.0,0.391,36.0,82.0,0.439,0.532,27.0,38.0,0.711,20.0,90.0,110.0,96.0,27.0,3.0,37.0,96.0,261.0
Trevor Ariza,SF,34.0,POR,21.0,21.0,702.0,78.0,159.0,0.491,34.0,85.0,0.4,44.0,74.0,0.595,0.597,41.0,47.0,0.872,13.0,87.0,100.0,41.0,34.0,8.0,28.0,48.0,231.0
D.J. Augustin,PG,32.0,ORL,49.0,6.0,1215.0,156.0,397.0,0.393,60.0,174.0,0.345,96.0,223.0,0.43,0.469,139.0,157.0,0.885,18.0,91.0,109.0,223.0,30.0,1.0,69.0,53.0,511.0
Deandre Ayton,C,21.0,PHO,30.0,25.0,996.0,255.0,465.0,0.548,0.0,3.0,0.0,255.0,462.0,0.552,0.548,60.0,78.0,0.769,123.0,237.0,360.0,57.0,22.0,51.0,71.0,97.0,570.0
Dwayne Bacon,SG,24.0,CHO,39.0,11.0,687.0,85.0,244.0,0.348,19.0,67.0,0.284,66.0,177.0,0.373,0.387,35.0,53.0,0.66,15.0,85.0,100.0,52.0,23.0,2.0,37.0,52.0,224.0
Marvin Bagley III,PF,20.0,SAC,13.0,6.0,334.0,78.0,167.0,0.467,4.0,22.0,0.182,74.0,145.0,0.51,0.479,25.0,31.0,0.806,29.0,68.0,97.0,10.0,6.0,12.0,18.0,43.0,185.0
Lonzo Ball,PG,22.0,NOP,56.0,47.0,1817.0,259.0,628.0,0.412,139.0,363.0,0.383,120.0,265.0,0.453,0.523,38.0,67.0,0.567,63.0,285.0,348.0,392.0,80.0,30.0,172.0,110.0,695.0
Mo Bamba,C,21.0,ORL,60.0,0.0,868.0,132.0,282.0,0.468,37.0,104.0,0.356,95.0,178.0,0.534,0.534,31.0,46.0,0.674,98.0,201.0,299.0,42.0,22.0,85.0,42.0,115.0,332.0
J.J. Barea,PG,35.0,DAL,26.0,4.0,391.0,74.0,179.0,0.413,29.0,76.0,0.382,45.0,103.0,0.437,0.494,17.0,18.0,0.944,10.0,38.0,48.0,99.0,4.0,2.0,35.0,25.0,194.0
Harrison Barnes,PF,27.0,SAC,64.0,64.0,2231.0,326.0,711.0,0.459,93.0,243.0,0.383,233.0,468.0,0.498,0.524,196.0,244.0,0.803,61.0,245.0,306.0,152.0,38.0,10.0,80.0,82.0,941.0
RJ Barrett,SG,19.0,NYK,56.0,55.0,1704.0,292.0,727.0,0.402,63.0,197.0,0.32,229.0,530.0,0.432,0.445,156.0,254.0,0.614,50.0,229.0,279.0,143.0,55.0,17.0,124.0,122.0,803.0
Will Barton,SF,29.0,DEN,58.0,58.0,1916.0,332.0,738.0,0.45,108.0,288.0,0.375,224.0,450.0,0.498,0.523,102.0,133.0,0.767,76.0,289.0,365.0,212.0,61.0,29.0,88.0,121.0,874.0
Keita Bates-Diop,SF,24.0,DEN,2.0,0.0,19.0,2.0,2.0,1.0,0.0,0.0,0.0,2.0,2.0,1.0,1.0,3.0,4.0,0.75,0.0,2.0,2.0,0.0,0.0,1.0,0.0,2.0,7.0
Nicolas Batum,SF,31.0,CHO,22.0,3.0,505.0,28.0,81.0,0.346,14.0,49.0,0.286,14.0,32.0,0.438,0.432,9.0,10.0,0.9,25.0,75.0,100.0,66.0,17.0,8.0,22.0,41.0,79.0
Aron Baynes,C,33.0,PHO,42.0,28.0,934.0,183.0,381.0,0.48,59.0,168.0,0.351,124.0,213.0,0.582,0.558,56.0,75.0,0.747,71.0,166.0,237.0,67.0,10.0,23.0,50.0,141.0,481.0
Kent Bazemore,SG,30.0,SAC,21.0,0.0,493.0,72.0,169.0,0.426,22.0,57.0,0.386,50.0,112.0,0.446,0.491,51.0,70.0,0.729,11.0,94.0,105.0,24.0,25.0,8.0,25.0,61.0,217.0
Darius Bazley,PF,19.0,OKC,53.0,8.0,909.0,88.0,230.0,0.383,30.0,100.0,0.3,58.0,130.0,0.446,0.448,32.0,47.0,0.681,21.0,175.0,196.0,29.0,20.0,35.0,40.0,45.0,238.0
Bradley Beal,SG,26.0,WAS,57.0,57.0,2053.0,593.0,1303.0,0.455,170.0,481.0,0.353,423.0,822.0,0.515,0.52,385.0,457.0,0.842,52.0,190.0,242.0,347.0,71.0,23.0,194.0,126.0,1741.0
Malik Beasley,SG,23.0,MIN,14.0,14.0,463.0,110.0,233.0,0.472,49.0,115.0,0.426,61.0,118.0,0.517,0.577,21.0,28.0,0.75,9.0,62.0,71.0,27.0,9.0,2.0,21.0,27.0,290.0
Marco Belinelli,SG,33.0,SAS,52.0,0.0,779.0,106.0,271.0,0.391,57.0,155.0,0.368,49.0,116.0,0.422,0.496,32.0,41.0,0.78,4.0,86.0,90.0,64.0,10.0,1.0,16.0,41.0,301.0
Jordan Bell,PF,25.0,MEM,2.0,0.0,21.0,3.0,7.0,0.429,2.0,3.0,0.667,1.0,4.0,0.25,0.571,2.0,2.0,1.0,2.0,1.0,3.0,2.0,1.0,0.0,3.0,2.0,10.0
DeAndre' Bembry,SG,25.0,ATL,43.0,4.0,915.0,104.0,228.0,0.456,15.0,65.0,0.231,89.0,163.0,0.546,0.489,26.0,48.0,0.542,34.0,118.0,152.0,81.0,55.0,19.0,60.0,84.0,249.0
Dragan Bender,SF,22.0,GSW,9.0,3.0,195.0,31.0,71.0,0.437,11.0,34.0,0.324,20.0,37.0,0.541,0.514,8.0,11.0,0.727,16.0,37.0,53.0,19.0,4.0,4.0,16.0,26.0,81.0
Dāvis Bertāns,PF,27.0,WAS,54.0,4.0,1583.0,265.0,610.0,0.434,200.0,472.0,0.424,65.0,138.0,0.471,0.598,104.0,122.0,0.852,35.0,210.0,245.0,92.0,37.0,33.0,59.0,139.0,834.0
Patrick Beverley,PG,31.0,LAC,48.0,48.0,1299.0,139.0,325.0,0.428,75.0,198.0,0.379,64.0,127.0,0.504,0.543,27.0,41.0,0.659,56.0,203.0,259.0,179.0,53.0,25.0,64.0,150.0,380.0
Khem Birch,C,27.0,ORL,40.0,24.0,777.0,56.0,115.0,0.487,0.0,1.0,0.0,56.0,114.0,0.491,0.487,41.0,67.0,0.612,70.0,110.0,180.0,35.0,16.0,21.0,23.0,73.0,153.0
Goga Bitadze,C,20.0,IND,49.0,2.0,410.0,61.0,129.0,0.473,6.0,36.0,0.167,55.0,93.0,0.591,0.496,24.0,33.0,0.727,22.0,74.0,96.0,21.0,6.0,32.0,25.0,57.0,152.0
Bismack Biyombo,C,27.0,CHO,53.0,29.0,1029.0,151.0,278.0,0.543,0.0,0.0,0.0,151.0,278.0,0.543,0.543,91.0,151.0,0.603,120.0,188.0,308.0,50.0,10.0,49.0,48.0,116.0,393.0
Nemanja Bjelica,PF,31.0,SAC,64.0,61.0,1821.0,287.0,604.0,0.475,125.0,295.0,0.424,162.0,309.0,0.524,0.579,60.0,73.0,0.822,107.0,305.0,412.0,179.0,54.0,33.0,92.0,193.0,759.0
Eric Bledsoe,PG,30.0,MIL,56.0,56.0,1524.0,319.0,662.0,0.482,70.0,201.0,0.348,249.0,461.0,0.54,0.535,157.0,193.0,0.813,41.0,218.0,259.0,302.0,53.0,25.0,140.0,120.0,865.0
Bogdan Bogdanović,SG,27.0,SAC,53.0,20.0,1510.0,277.0,639.0,0.433,137.0,380.0,0.361,140.0,259.0,0.541,0.541,76.0,105.0,0.724,17.0,154.0,171.0,169.0,54.0,14.0,89.0,115.0,767.0
Bojan Bogdanović,SF,30.0,UTA,63.0,63.0,2083.0,418.0,935.0,0.447,189.0,457.0,0.414,229.0,478.0,0.479,0.548,250.0,277.0,0.903,39.0,220.0,259.0,131.0,34.0,7.0,159.0,110.0,1275.0
Jonah Bolden,PF,24.0,PHO,3.0,0.0,33.0,2.0,8.0,0.25,0.0,3.0,0.0,2.0,5.0,0.4,0.25,2.0,2.0,1.0,3.0,5.0,8.0,0.0,2.0,2.0,0.0,6.0,6.0
Marques Bolden,C,21.0,CLE,1.0,0.0,3.0,0.0,0.0,0.0,0.0,0.0,0.0,0.0,0.0,0.0,0.0,0.0,0.0,0.0,0.0,2.0,2.0,0.0,1.0,0.0,0.0,1.0,0.0
Jordan Bone,PG,22.0,DET,10.0,0.0,53.0,5.0,20.0,0.25,2.0,10.0,0.2,3.0,10.0,0.3,0.3,0.0,0.0,0.0,0.0,4.0,4.0,8.0,1.0,0.0,2.0,6.0,12.0
Isaac Bonga,SF,20.0,WAS,58.0,41.0,1025.0,96.0,184.0,0.522,22.0,55.0,0.4,74.0,129.0,0.574,0.582,52.0,64.0,0.813,61.0,122.0,183.0,61.0,37.0,21.0,41.0,136.0,266.0
Devin Booker,SG,23.0,PHO,62.0,62.0,2241.0,544.0,1118.0,0.487,126.0,350.0,0.36,418.0,768.0,0.544,0.543,405.0,442.0,0.916,27.0,231.0,258.0,408.0,45.0,16.0,244.0,188.0,1619.0
Chris Boucher,PF,27.0,TOR,55.0,0.0,724.0,119.0,260.0,0.458,28.0,99.0,0.283,91.0,161.0,0.565,0.512,82.0,103.0,0.796,94.0,148.0,242.0,23.0,20.0,53.0,23.0,104.0,348.0
Brian Bowen,SG,21.0,IND,5.0,1.0,29.0,2.0,9.0,0.222,0.0,2.0,0.0,2.0,7.0,0.286,0.222,0.0,0.0,0.0,1.0,6.0,7.0,0.0,0.0,1.0,1.0,2.0,4.0
Ky Bowman,PG,22.0,GSW,45.0,12.0,1015.0,134.0,321.0,0.417,33.0,107.0,0.308,101.0,214.0,0.472,0.469,34.0,41.0,0.829,24.0,97.0,121.0,131.0,44.0,10.0,70.0,102.0,335.0
Avery Bradley,SG,29.0,LAL,49.0,44.0,1186.0,170.0,383.0,0.444,63.0,173.0,0.364,107.0,210.0,0.51,0.526,20.0,24.0,0.833,18.0,97.0,115.0,63.0,43.0,5.0,47.0,110.0,423.0
Tony Bradley,C,22.0,UTA,50.0,2.0,535.0,103.0,155.0,0.665,1.0,1.0,1.0,102.0,154.0,0.662,0.668,26.0,40.0,0.65,90.0,126.0,216.0,17.0,12.0,25.0,23.0,98.0,233.0
Jarrell Brantley,PF,23.0,UTA,5.0,0.0,13.0,0.0,0.0,0.0,0.0,0.0,0.0,0.0,0.0,0.0,0.0,0.0,0.0,0.0,0.0,5.0,5.0,1.0,0.0,2.0,2.0,2.0,0.0
Ignas Brazdeikis,SF,21.0,NYK,9.0,0.0,53.0,6.0,22.0,0.273,1.0,9.0,0.111,5.0,13.0,0.385,0.295,4.0,5.0,0.8,2.0,3.0,5.0,4.0,0.0,1.0,2.0,3.0,17.0
Mikal Bridges,SF,23.0,PHO,65.0,24.0,1772.0,210.0,407.0,0.516,56.0,159.0,0.352,154.0,248.0,0.621,0.585,89.0,105.0,0.848,59.0,200.0,259.0,115.0,93.0,39.0,65.0,142.0,565.0
Miles Bridges,SF,21.0,CHO,65.0,64.0,1995.0,319.0,753.0,0.424,99.0,300.0,0.33,220.0,453.0,0.486,0.489,106.0,131.0,0.809,88.0,274.0,362.0,114.0,40.0,48.0,95.0,132.0,843.0
Oshae Brissett,SF,21.0,TOR,19.0,0.0,135.0,13.0,36.0,0.361,3.0,15.0,0.2,10.0,21.0,0.476,0.403,8.0,10.0,0.8,9.0,17.0,26.0,7.0,4.0,1.0,7.0,18.0,37.0
Ryan Broekhoff,SG,29.0,DAL,17.0,1.0,180.0,22.0,59.0,0.373,20.0,51.0,0.392,2.0,8.0,0.25,0.542,7.0,8.0,0.875,5.0,38.0,43.0,11.0,5.0,4.0,6.0,15.0,71.0
Malcolm Brogdon,PG,27.0,IND,48.0,48.0,1472.0,289.0,659.0,0.439,61.0,195.0,0.313,228.0,464.0,0.491,0.485,145.0,162.0,0.895,40.0,186.0,226.0,343.0,33.0,8.0,115.0,88.0,784.0
Dillon Brooks,SG,24.0,MEM,65.0,65.0,1851.0,372.0,925.0,0.402,132.0,358.0,0.369,240.0,567.0,0.423,0.474,144.0,178.0,0.809,61.0,152.0,213.0,128.0,57.0,25.0,108.0,246.0,1020.0
Bruce Brown,SG,23.0,DET,58.0,43.0,1634.0,198.0,447.0,0.443,33.0,96.0,0.344,165.0,351.0,0.47,0.48,88.0,119.0,0.739,61.0,213.0,274.0,230.0,63.0,29.0,100.0,162.0,517.0
Charlie Brown,SG,22.0,ATL,10.0,0.0,40.0,6.0,19.0,0.316,3.0,9.0,0.333,3.0,10.0,0.3,0.395,5.0,5.0,1.0,2.0,2.0,4.0,2.0,2.0,2.0,3.0,3.0,20.0
Jaylen Brown,SF,23.0,BOS,50.0,50.0,1702.0,378.0,772.0,0.49,107.0,281.0,0.381,271.0,491.0,0.552,0.559,159.0,216.0,0.736,54.0,264.0,318.0,109.0,56.0,16.0,116.0,151.0,1022.0
Moses Brown,C,20.0,POR,9.0,0.0,33.0,4.0,10.0,0.4,0.0,0.0,0.0,4.0,10.0,0.4,0.4,3.0,8.0,0.375,3.0,11.0,14.0,1.0,1.0,1.0,3.0,7.0,11.0
Sterling Brown,SF,24.0,MIL,45.0,1.0,665.0,80.0,218.0,0.367,36.0,114.0,0.316,44.0,104.0,0.423,0.45,27.0,35.0,0.771,28.0,137.0,165.0,46.0,22.0,7.0,36.0,45.0,223.0
Troy Brown Jr.,SG,20.0,WAS,61.0,14.0,1519.0,229.0,506.0,0.453,50.0,145.0,0.345,179.0,361.0,0.496,0.502,86.0,114.0,0.754,64.0,261.0,325.0,142.0,76.0,6.0,65.0,110.0,594.0
Jalen Brunson,PG,23.0,DAL,57.0,16.0,1022.0,181.0,388.0,0.466,43.0,120.0,0.358,138.0,268.0,0.515,0.522,61.0,75.0,0.813,22.0,112.0,134.0,188.0,22.0,4.0,66.0,74.0,466.0
Thomas Bryant,C,22.0,WAS,38.0,28.0,901.0,184.0,307.0,0.599,22.0,54.0,0.407,162.0,253.0,0.64,0.635,70.0,95.0,0.737,75.0,185.0,260.0,71.0,14.0,33.0,48.0,85.0,460.0
Reggie Bullock,SG,28.0,NYK,29.0,19.0,684.0,90.0,224.0,0.402,37.0,111.0,0.333,53.0,113.0,0.469,0.484,17.0,21.0,0.81,13.0,55.0,68.0,42.0,25.0,3.0,19.0,56.0,234.0
Trey Burke,PG,27.0,PHI,25.0,0.0,329.0,59.0,127.0,0.465,16.0,38.0,0.421,43.0,89.0,0.483,0.528,13.0,18.0,0.722,15.0,20.0,35.0,53.0,7.0,1.0,12.0,21.0,147.0
Alec Burks,SG,28.0,PHI,11.0,0.0,222.0,39.0,100.0,0.39,16.0,49.0,0.327,23.0,51.0,0.451,0.47,24.0,27.0,0.889,6.0,30.0,36.0,20.0,8.0,0.0,9.0,13.0,118.0
Deonte Burton,SG,26.0,OKC,34.0,0.0,284.0,39.0,105.0,0.371,10.0,46.0,0.217,29.0,59.0,0.492,0.419,6.0,12.0,0.5,6.0,42.0,48.0,11.0,5.0,10.0,14.0,28.0,94.0
Jimmy Butler,SF,30.0,MIA,54.0,54.0,1851.0,328.0,722.0,0.454,29.0,117.0,0.248,299.0,605.0,0.494,0.474,408.0,490.0,0.833,98.0,261.0,359.0,331.0,92.0,29.0,118.0,74.0,1093.0
Bruno Caboclo,SF,24.0,HOU,5.0,0.0,28.0,4.0,8.0,0.5,0.0,3.0,0.0,4.0,5.0,0.8,0.5,2.0,2.0,1.0,5.0,4.0,9.0,2.0,2.0,4.0,2.0,2.0,10.0
Kentavious Caldwell-Pope,SG,26.0,LAL,63.0,20.0,1603.0,220.0,466.0,0.472,87.0,221.0,0.394,133.0,245.0,0.543,0.565,74.0,95.0,0.779,37.0,95.0,132.0,105.0,53.0,13.0,55.0,117.0,601.0
Vlatko Čančar,SF,22.0,DEN,14.0,0.0,45.0,6.0,15.0,0.4,1.0,6.0,0.167,5.0,9.0,0.556,0.433,4.0,4.0,1.0,5.0,5.0,10.0,3.0,1.0,1.0,3.0,7.0,17.0
Clint Capela,C,25.0,HOU,39.0,39.0,1279.0,244.0,388.0,0.629,0.0,0.0,0.0,244.0,388.0,0.629,0.629,55.0,104.0,0.529,168.0,369.0,537.0,48.0,33.0,72.0,63.0,102.0,543.0
DeMarre Carroll,SF,33.0,HOU,6.0,0.0,96.0,12.0,25.0,0.48,4.0,14.0,0.286,8.0,11.0,0.727,0.56,12.0,16.0,0.75,4.0,12.0,16.0,7.0,2.0,2.0,6.0,8.0,40.0
Jevon Carter,PG,24.0,PHO,50.0,2.0,754.0,82.0,205.0,0.4,46.0,117.0,0.393,36.0,88.0,0.409,0.512,21.0,25.0,0.84,25.0,73.0,98.0,65.0,38.0,13.0,31.0,76.0,231.0
Vince Carter,SF,43.0,ATL,60.0,0.0,876.0,107.0,304.0,0.352,61.0,202.0,0.302,46.0,102.0,0.451,0.452,23.0,29.0,0.793,18.0,106.0,124.0,48.0,23.0,25.0,33.0,90.0,298.0
Wendell Carter Jr.,C,20.0,CHI,43.0,43.0,1256.0,183.0,343.0,0.534,6.0,29.0,0.207,177.0,314.0,0.564,0.542,112.0,152.0,0.737,139.0,266.0,405.0,51.0,33.0,36.0,72.0,162.0,484.0
Michael Carter-Williams,SG,28.0,ORL,42.0,0.0,773.0,105.0,242.0,0.434,20.0,68.0,0.294,85.0,174.0,0.489,0.475,72.0,87.0,0.828,44.0,96.0,140.0,102.0,45.0,20.0,48.0,78.0,302.0
Alex Caruso,PG,25.0,LAL,58.0,1.0,1032.0,110.0,260.0,0.423,38.0,107.0,0.355,72.0,153.0,0.471,0.496,58.0,76.0,0.763,14.0,98.0,112.0,102.0,60.0,17.0,46.0,85.0,316.0
Willie Cauley-Stein,C,26.0,DAL,13.0,2.0,157.0,31.0,45.0,0.689,0.0,1.0,0.0,31.0,44.0,0.705,0.689,5.0,9.0,0.556,13.0,47.0,60.0,10.0,4.0,11.0,5.0,19.0,67.0
Tyson Chandler,C,37.0,HOU,26.0,5.0,219.0,14.0,18.0,0.778,0.0,0.0,0.0,14.0,18.0,0.778,0.778,6.0,13.0,0.462,25.0,41.0,66.0,6.0,6.0,8.0,8.0,32.0,34.0
Wilson Chandler,SF,32.0,BRK,35.0,3.0,734.0,74.0,183.0,0.404,37.0,121.0,0.306,37.0,62.0,0.597,0.505,20.0,23.0,0.87,11.0,134.0,145.0,39.0,16.0,12.0,34.0,79.0,205.0
Joe Chealey,PG,24.0,CHO,4.0,0.0,33.0,0.0,7.0,0.0,0.0,4.0,0.0,0.0,3.0,0.0,0.0,2.0,2.0,1.0,0.0,0.0,0.0,1.0,4.0,0.0,2.0,2.0,2.0
Zylan Cheatham,SF,24.0,NOP,3.0,0.0,31.0,2.0,5.0,0.4,0.0,1.0,0.0,2.0,4.0,0.5,0.4,0.0,0.0,0.0,1.0,5.0,6.0,2.0,0.0,1.0,3.0,5.0,4.0
Chris Chiozza,PG,24.0,BRK,11.0,0.0,126.0,22.0,45.0,0.489,11.0,25.0,0.44,11.0,20.0,0.55,0.611,2.0,2.0,1.0,6.0,14.0,20.0,20.0,5.0,0.0,8.0,11.0,57.0
Marquese Chriss,PF,22.0,GSW,59.0,21.0,1196.0,210.0,385.0,0.545,8.0,39.0,0.205,202.0,346.0,0.584,0.556,120.0,156.0,0.769,114.0,251.0,365.0,114.0,39.0,62.0,78.0,122.0,548.0
Gary Clark,PF,25.0,ORL,17.0,1.0,213.0,15.0,42.0,0.357,10.0,35.0,0.286,5.0,7.0,0.714,0.476,2.0,2.0,1.0,16.0,29.0,45.0,3.0,3.0,7.0,3.0,10.0,42.0
Brandon Clarke,PF,23.0,MEM,50.0,3.0,1086.0,254.0,408.0,0.623,21.0,52.0,0.404,233.0,356.0,0.654,0.648,73.0,93.0,0.785,78.0,214.0,292.0,72.0,26.0,42.0,46.0,82.0,602.0
Jordan Clarkson,SG,27.0,UTA,34.0,0.0,861.0,206.0,427.0,0.482,71.0,194.0,0.366,135.0,233.0,0.579,0.566,46.0,59.0,0.78,26.0,72.0,98.0,54.0,26.0,7.0,43.0,59.0,529.0
Nicolas Claxton,PF,20.0,BRK,15.0,0.0,187.0,27.0,48.0,0.563,1.0,7.0,0.143,26.0,41.0,0.634,0.573,11.0,21.0,0.524,19.0,25.0,44.0,16.0,1.0,8.0,9.0,14.0,66.0
Chris Clemons,SG,22.0,HOU,29.0,0.0,251.0,51.0,126.0,0.405,33.0,94.0,0.351,18.0,32.0,0.563,0.536,6.0,7.0,0.857,3.0,20.0,23.0,22.0,6.0,5.0,17.0,20.0,141.0
Antonius Cleveland,SG,25.0,DAL,6.0,0.0,22.0,2.0,6.0,0.333,0.0,1.0,0.0,2.0,5.0,0.4,0.333,1.0,2.0,0.5,0.0,3.0,3.0,0.0,1.0,1.0,1.0,2.0,5.0
Amir Coffey,SG,22.0,LAC,13.0,0.0,98.0,13.0,33.0,0.394,1.0,7.0,0.143,12.0,26.0,0.462,0.409,1.0,3.0,0.333,4.0,10.0,14.0,9.0,1.0,1.0,3.0,12.0,28.0
John Collins,PF,22.0,ATL,41.0,41.0,1363.0,353.0,605.0,0.583,59.0,147.0,0.401,294.0,458.0,0.642,0.632,120.0,150.0,0.8,116.0,300.0,416.0,60.0,31.0,66.0,75.0,138.0,885.0
Zach Collins,PF,22.0,POR,3.0,3.0,86.0,9.0,19.0,0.474,3.0,7.0,0.429,6.0,12.0,0.5,0.553,6.0,6.0,1.0,4.0,8.0,12.0,6.0,0.0,2.0,6.0,11.0,27.0
Mike Conley,PG,32.0,UTA,41.0,35.0,1171.0,197.0,486.0,0.405,80.0,213.0,0.376,117.0,273.0,0.429,0.488,93.0,117.0,0.795,27.0,106.0,133.0,178.0,31.0,4.0,76.0,92.0,567.0
Pat Connaughton,SG,27.0,MIL,61.0,1.0,1119.0,119.0,261.0,0.456,44.0,137.0,0.321,75.0,124.0,0.605,0.54,27.0,36.0,0.75,56.0,203.0,259.0,95.0,20.0,30.0,47.0,60.0,309.0
Quinn Cook,PG,26.0,LAL,38.0,0.0,409.0,76.0,173.0,0.439,25.0,66.0,0.379,51.0,107.0,0.477,0.512,6.0,9.0,0.667,7.0,33.0,40.0,40.0,11.0,1.0,25.0,23.0,183.0
Tyler Cook,PF,22.0,CLE,11.0,0.0,35.0,7.0,10.0,0.7,0.0,0.0,0.0,7.0,10.0,0.7,0.7,5.0,6.0,0.833,4.0,6.0,10.0,1.0,1.0,0.0,1.0,4.0,19.0
Robert Covington,PF,29.0,HOU,14.0,13.0,456.0,64.0,152.0,0.421,40.0,112.0,0.357,24.0,40.0,0.6,0.553,11.0,14.0,0.786,18.0,92.0,110.0,18.0,15.0,35.0,20.0,48.0,179.0
Allen Crabbe,SG,27.0,MIN,9.0,0.0,131.0,11.0,34.0,0.324,6.0,26.0,0.231,5.0,8.0,0.625,0.412,1.0,2.0,0.5,1.0,11.0,12.0,5.0,0.0,0.0,5.0,11.0,29.0
Torrey Craig,SF,29.0,DEN,50.0,19.0,869.0,96.0,208.0,0.462,36.0,109.0,0.33,60.0,99.0,0.606,0.548,20.0,31.0,0.645,48.0,108.0,156.0,34.0,18.0,32.0,22.0,112.0,248.0
Jae Crowder,SF,29.0,MIA,13.0,1.0,373.0,50.0,114.0,0.439,35.0,89.0,0.393,15.0,25.0,0.6,0.592,20.0,26.0,0.769,8.0,68.0,76.0,26.0,20.0,7.0,8.0,41.0,155.0
Jarrett Culver,SG,20.0,MIN,63.0,35.0,1506.0,230.0,569.0,0.404,66.0,221.0,0.299,164.0,348.0,0.471,0.462,54.0,117.0,0.462,70.0,142.0,212.0,110.0,57.0,38.0,81.0,125.0,580.0
Seth Curry,SG,29.0,DAL,59.0,20.0,1448.0,266.0,532.0,0.5,136.0,300.0,0.453,130.0,232.0,0.56,0.628,74.0,88.0,0.841,26.0,113.0,139.0,119.0,36.0,8.0,60.0,101.0,742.0
Stephen Curry,PG,31.0,GSW,5.0,5.0,139.0,33.0,82.0,0.402,12.0,49.0,0.245,21.0,33.0,0.636,0.476,26.0,26.0,1.0,4.0,22.0,26.0,33.0,5.0,2.0,16.0,11.0,104.0
Troy Daniels,SG,28.0,DEN,1.0,0.0,1.0,0.0,1.0,0.0,0.0,1.0,0.0,0.0,0.0,0.0,0.0,0.0,0.0,0.0,0.0,0.0,0.0,0.0,0.0,0.0,0.0,0.0,0.0
Anthony Davis,PF,26.0,LAL,55.0,55.0,1889.0,508.0,994.0,0.511,65.0,194.0,0.335,443.0,800.0,0.554,0.544,386.0,457.0,0.845,124.0,393.0,517.0,172.0,82.0,134.0,135.0,138.0,1467.0
Ed Davis,C,30.0,UTA,25.0,0.0,268.0,14.0,34.0,0.412,0.0,0.0,0.0,14.0,34.0,0.412,0.412,5.0,11.0,0.455,29.0,66.0,95.0,8.0,10.0,9.0,13.0,55.0,33.0
Terence Davis,SG,22.0,TOR,64.0,2.0,1087.0,181.0,391.0,0.463,88.0,222.0,0.396,93.0,169.0,0.55,0.575,45.0,52.0,0.865,46.0,171.0,217.0,107.0,32.0,12.0,65.0,104.0,495.0
Dewayne Dedmon,C,30.0,ATL,10.0,8.0,233.0,33.0,84.0,0.393,8.0,36.0,0.222,25.0,48.0,0.521,0.44,7.0,8.0,0.875,14.0,68.0,82.0,7.0,10.0,15.0,10.0,40.0,81.0
Matthew Dellavedova,PG,29.0,CLE,57.0,4.0,821.0,62.0,175.0,0.354,21.0,91.0,0.231,41.0,84.0,0.488,0.414,32.0,37.0,0.865,18.0,57.0,75.0,180.0,20.0,2.0,59.0,78.0,177.0
DeMar DeRozan,SF,30.0,SAS,61.0,61.0,2091.0,503.0,956.0,0.526,8.0,30.0,0.267,495.0,926.0,0.535,0.53,338.0,401.0,0.843,39.0,305.0,344.0,340.0,62.0,14.0,147.0,164.0,1352.0
Cheick Diallo,C,23.0,PHO,44.0,2.0,467.0,89.0,137.0,0.65,1.0,2.0,0.5,88.0,135.0,0.652,0.653,32.0,37.0,0.865,28.0,99.0,127.0,22.0,10.0,12.0,30.0,54.0,211.0
Hamidou Diallo,SF,21.0,OKC,38.0,3.0,699.0,99.0,219.0,0.452,7.0,35.0,0.2,92.0,184.0,0.5,0.468,28.0,45.0,0.622,29.0,93.0,122.0,22.0,28.0,8.0,37.0,82.0,233.0
Gorgui Dieng,C,30.0,MEM,12.0,0.0,234.0,34.0,66.0,0.515,5.0,22.0,0.227,29.0,44.0,0.659,0.553,14.0,24.0,0.583,14.0,66.0,80.0,13.0,11.0,14.0,11.0,23.0,87.0
Spencer Dinwiddie,SG,26.0,BRK,64.0,49.0,1994.0,424.0,1021.0,0.415,123.0,400.0,0.308,301.0,621.0,0.485,0.476,347.0,446.0,0.778,32.0,189.0,221.0,432.0,40.0,21.0,174.0,180.0,1318.0
Donte DiVincenzo,SG,23.0,MIL,59.0,22.0,1362.0,209.0,452.0,0.462,76.0,221.0,0.344,133.0,231.0,0.576,0.546,60.0,78.0,0.769,59.0,230.0,289.0,136.0,80.0,18.0,72.0,97.0,554.0
Luka Dončić,PG,20.0,DAL,54.0,54.0,1799.0,512.0,1111.0,0.461,156.0,491.0,0.318,356.0,620.0,0.574,0.531,369.0,491.0,0.752,69.0,433.0,502.0,470.0,59.0,10.0,227.0,134.0,1549.0
Luguentz Dort,SG,20.0,OKC,29.0,21.0,637.0,65.0,157.0,0.414,22.0,73.0,0.301,43.0,84.0,0.512,0.484,28.0,36.0,0.778,15.0,39.0,54.0,21.0,23.0,2.0,15.0,78.0,180.0
Damyean Dotson,SG,25.0,NYK,48.0,0.0,836.0,120.0,290.0,0.414,59.0,163.0,0.362,61.0,127.0,0.48,0.516,22.0,33.0,0.667,10.0,81.0,91.0,57.0,23.0,4.0,21.0,44.0,321.0
Sekou Doumbouya,SF,19.0,DET,38.0,19.0,754.0,92.0,236.0,0.39,28.0,98.0,0.286,64.0,138.0,0.464,0.449,31.0,46.0,0.674,20.0,98.0,118.0,19.0,20.0,8.0,35.0,80.0,243.0
PJ Dozier,PG,23.0,DEN,21.0,0.0,234.0,36.0,91.0,0.396,7.0,28.0,0.25,29.0,63.0,0.46,0.434,7.0,11.0,0.636,5.0,25.0,30.0,29.0,7.0,5.0,11.0,27.0,86.0
Goran Dragić,PG,33.0,MIA,54.0,1.0,1531.0,290.0,663.0,0.437,118.0,313.0,0.377,172.0,350.0,0.491,0.526,170.0,221.0,0.769,26.0,140.0,166.0,273.0,31.0,8.0,133.0,105.0,868.0
Andre Drummond,C,26.0,CLE,8.0,8.0,225.0,58.0,105.0,0.552,4.0,14.0,0.286,54.0,91.0,0.593,0.571,20.0,39.0,0.513,24.0,65.0,89.0,14.0,12.0,11.0,29.0,25.0,140.0
Jared Dudley,SF,34.0,LAL,40.0,1.0,311.0,20.0,50.0,0.4,16.0,34.0,0.471,4.0,16.0,0.25,0.56,2.0,2.0,1.0,5.0,38.0,43.0,19.0,12.0,3.0,6.0,36.0,58.0
Kris Dunn,PG,25.0,CHI,51.0,32.0,1269.0,152.0,342.0,0.444,29.0,112.0,0.259,123.0,230.0,0.535,0.487,40.0,54.0,0.741,23.0,163.0,186.0,173.0,101.0,17.0,68.0,158.0,373.0
Carsen Edwards,SG,21.0,BOS,35.0,0.0,316.0,37.0,113.0,0.327,21.0,68.0,0.309,16.0,45.0,0.356,0.42,11.0,13.0,0.846,6.0,37.0,43.0,22.0,10.0,3.0,15.0,33.0,106.0
Henry Ellenson,PF,23.0,BRK,5.0,0.0,15.0,1.0,7.0,0.143,0.0,4.0,0.0,1.0,3.0,0.333,0.143,0.0,0.0,0.0,2.0,4.0,6.0,1.0,0.0,0.0,0.0,1.0,2.0
Wayne Ellington,SG,32.0,NYK,36.0,1.0,558.0,61.0,174.0,0.351,50.0,143.0,0.35,11.0,31.0,0.355,0.494,11.0,13.0,0.846,4.0,61.0,65.0,44.0,13.0,4.0,18.0,41.0,183.0
Joel Embiid,C,25.0,PHI,44.0,44.0,1329.0,332.0,701.0,0.474,56.0,161.0,0.348,276.0,540.0,0.511,0.514,311.0,382.0,0.814,122.0,398.0,520.0,137.0,38.0,58.0,135.0,151.0,1031.0
James Ennis,SF,29.0,ORL,12.0,10.0,277.0,28.0,68.0,0.412,10.0,33.0,0.303,18.0,35.0,0.514,0.485,15.0,17.0,0.882,13.0,36.0,49.0,13.0,6.0,6.0,12.0,24.0,81.0
Drew Eubanks,PF,22.0,SAS,14.0,3.0,130.0,21.0,28.0,0.75,1.0,1.0,1.0,20.0,27.0,0.741,0.768,8.0,11.0,0.727,8.0,27.0,35.0,5.0,2.0,6.0,10.0,21.0,51.0
Jacob Evans,SG,22.0,MIN,2.0,0.0,4.0,0.0,1.0,0.0,0.0,1.0,0.0,0.0,0.0,0.0,0.0,0.0,0.0,0.0,0.0,0.0,0.0,0.0,0.0,0.0,0.0,0.0,0.0
Dante Exum,SG,24.0,CLE,24.0,1.0,402.0,46.0,96.0,0.479,13.0,37.0,0.351,33.0,59.0,0.559,0.547,30.0,41.0,0.732,9.0,46.0,55.0,33.0,12.0,6.0,21.0,30.0,135.0
Tacko Fall,C,24.0,BOS,6.0,0.0,24.0,9.0,12.0,0.75,0.0,0.0,0.0,9.0,12.0,0.75,0.75,1.0,3.0,0.333,0.0,11.0,11.0,0.0,0.0,2.0,3.0,5.0,19.0
Derrick Favors,C,28.0,NOP,45.0,43.0,1089.0,189.0,305.0,0.62,1.0,7.0,0.143,188.0,298.0,0.631,0.621,36.0,62.0,0.581,147.0,298.0,445.0,75.0,25.0,44.0,51.0,99.0,415.0
Cristiano Felício,PF,27.0,CHI,22.0,0.0,386.0,34.0,54.0,0.63,0.0,2.0,0.0,34.0,52.0,0.654,0.63,18.0,23.0,0.783,55.0,47.0,102.0,16.0,10.0,2.0,18.0,34.0,86.0
Terrance Ferguson,SF,21.0,OKC,50.0,37.0,1170.0,74.0,199.0,0.372,46.0,155.0,0.297,28.0,44.0,0.636,0.487,15.0,19.0,0.789,23.0,50.0,73.0,45.0,26.0,16.0,30.0,144.0,209.0
Bruno Fernando,C,21.0,ATL,56.0,13.0,713.0,103.0,199.0,0.518,5.0,37.0,0.135,98.0,162.0,0.605,0.53,29.0,51.0,0.569,67.0,131.0,198.0,49.0,18.0,17.0,42.0,107.0,240.0
Yogi Ferrell,PG,26.0,SAC,44.0,0.0,484.0,67.0,169.0,0.396,19.0,69.0,0.275,48.0,100.0,0.48,0.453,32.0,37.0,0.865,6.0,42.0,48.0,59.0,14.0,4.0,25.0,31.0,185.0
Dorian Finney-Smith,PF,26.0,DAL,64.0,61.0,1898.0,214.0,457.0,0.468,99.0,265.0,0.374,115.0,192.0,0.599,0.577,70.0,97.0,0.722,125.0,227.0,352.0,97.0,44.0,37.0,63.0,154.0,597.0
Bryn Forbes,SG,26.0,SAS,63.0,62.0,1579.0,242.0,581.0,0.417,148.0,381.0,0.388,94.0,200.0,0.47,0.544,75.0,90.0,0.833,12.0,114.0,126.0,108.0,33.0,0.0,57.0,113.0,707.0
Evan Fournier,SG,27.0,ORL,61.0,61.0,1931.0,408.0,869.0,0.47,165.0,406.0,0.406,243.0,463.0,0.525,0.564,168.0,205.0,0.82,17.0,140.0,157.0,193.0,70.0,14.0,120.0,147.0,1149.0
De'Aaron Fox,PG,22.0,SAC,45.0,43.0,1426.0,329.0,692.0,0.475,47.0,153.0,0.307,282.0,539.0,0.523,0.509,215.0,306.0,0.703,30.0,151.0,181.0,304.0,64.0,23.0,141.0,129.0,920.0
Melvin Frazier,SG,23.0,ORL,15.0,0.0,51.0,6.0,17.0,0.353,4.0,7.0,0.571,2.0,10.0,0.2,0.471,2.0,4.0,0.5,1.0,3.0,4.0,1.0,4.0,2.0,3.0,8.0,18.0
Michael Frazier,SG,25.0,HOU,8.0,0.0,66.0,4.0,11.0,0.364,2.0,8.0,0.25,2.0,3.0,0.667,0.455,4.0,6.0,0.667,1.0,2.0,3.0,1.0,2.0,0.0,2.0,13.0,14.0
Tim Frazier,PG,29.0,DET,27.0,11.0,355.0,34.0,94.0,0.362,10.0,30.0,0.333,24.0,64.0,0.375,0.415,19.0,24.0,0.792,9.0,24.0,33.0,93.0,14.0,4.0,36.0,42.0,97.0
Markelle Fultz,PG,21.0,ORL,64.0,59.0,1813.0,320.0,676.0,0.473,30.0,118.0,0.254,290.0,558.0,0.52,0.496,102.0,141.0,0.723,35.0,178.0,213.0,334.0,83.0,10.0,131.0,126.0,772.0
Wenyen Gabriel,PF,22.0,POR,17.0,1.0,149.0,14.0,29.0,0.483,5.0,12.0,0.417,9.0,17.0,0.529,0.569,8.0,10.0,0.8,14.0,22.0,36.0,5.0,7.0,4.0,11.0,28.0,41.0
Daniel Gafford,C,21.0,CHI,43.0,7.0,609.0,94.0,134.0,0.701,0.0,0.0,0.0,94.0,134.0,0.701,0.701,32.0,60.0,0.533,52.0,54.0,106.0,21.0,13.0,56.0,29.0,98.0,220.0
Danilo Gallinari,PF,31.0,OKC,55.0,55.0,1690.0,329.0,749.0,0.439,165.0,403.0,0.409,164.0,346.0,0.474,0.549,234.0,264.0,0.886,32.0,270.0,302.0,113.0,40.0,4.0,70.0,66.0,1057.0
Langston Galloway,SG,28.0,DET,66.0,6.0,1702.0,236.0,542.0,0.435,132.0,331.0,0.399,104.0,211.0,0.493,0.557,73.0,85.0,0.859,33.0,116.0,149.0,101.0,48.0,11.0,40.0,96.0,677.0
Darius Garland,PG,20.0,CLE,59.0,59.0,1824.0,280.0,699.0,0.401,105.0,296.0,0.355,175.0,403.0,0.434,0.476,63.0,72.0,0.875,27.0,84.0,111.0,229.0,42.0,4.0,151.0,92.0,728.0
Marc Gasol,C,35.0,TOR,36.0,35.0,990.0,99.0,236.0,0.419,51.0,127.0,0.402,48.0,109.0,0.44,0.528,26.0,36.0,0.722,29.0,199.0,228.0,124.0,28.0,33.0,43.0,101.0,275.0
Rudy Gay,PF,33.0,SAS,60.0,5.0,1287.0,222.0,502.0,0.442,58.0,185.0,0.314,164.0,317.0,0.517,0.5,99.0,113.0,0.876,56.0,266.0,322.0,101.0,26.0,28.0,78.0,89.0,601.0
Paul George,SF,29.0,LAC,42.0,42.0,1222.0,291.0,674.0,0.432,133.0,333.0,0.399,158.0,341.0,0.463,0.53,165.0,187.0,0.882,22.0,219.0,241.0,162.0,56.0,20.0,113.0,101.0,880.0
Taj Gibson,C,34.0,NYK,62.0,56.0,1025.0,167.0,286.0,0.584,4.0,14.0,0.286,163.0,272.0,0.599,0.591,41.0,56.0,0.732,111.0,156.0,267.0,52.0,27.0,30.0,47.0,122.0,379.0
Harry Giles,PF,21.0,SAC,38.0,17.0,579.0,116.0,207.0,0.56,0.0,0.0,0.0,116.0,207.0,0.56,0.56,33.0,43.0,0.767,33.0,126.0,159.0,49.0,21.0,14.0,35.0,100.0,265.0
Shai Gilgeous-Alexander,SG,21.0,OKC,63.0,63.0,2214.0,442.0,935.0,0.473,78.0,222.0,0.351,364.0,713.0,0.511,0.514,254.0,317.0,0.801,45.0,339.0,384.0,208.0,70.0,45.0,117.0,108.0,1216.0
Rudy Gobert,C,27.0,UTA,62.0,62.0,2142.0,353.0,506.0,0.698,0.0,0.0,0.0,353.0,506.0,0.698,0.698,228.0,367.0,0.621,211.0,639.0,850.0,93.0,47.0,124.0,120.0,196.0,934.0
Brandon Goodwin,PG,24.0,ATL,34.0,1.0,430.0,76.0,190.0,0.4,26.0,87.0,0.299,50.0,103.0,0.485,0.468,28.0,30.0,0.933,11.0,61.0,72.0,51.0,12.0,4.0,29.0,43.0,206.0
Aaron Gordon,PF,24.0,ORL,58.0,58.0,1914.0,314.0,726.0,0.433,68.0,226.0,0.301,246.0,500.0,0.492,0.479,137.0,203.0,0.675,103.0,338.0,441.0,215.0,50.0,36.0,94.0,116.0,833.0
Eric Gordon,SG,31.0,HOU,34.0,13.0,972.0,162.0,438.0,0.37,92.0,288.0,0.319,70.0,150.0,0.467,0.475,78.0,103.0,0.757,8.0,57.0,65.0,52.0,22.0,12.0,36.0,68.0,494.0
Devonte' Graham,PG,24.0,CHO,63.0,53.0,2211.0,368.0,963.0,0.382,218.0,585.0,0.373,150.0,378.0,0.397,0.495,191.0,233.0,0.82,42.0,170.0,212.0,471.0,62.0,15.0,181.0,115.0,1145.0
Treveon Graham,SG,26.0,ATL,22.0,0.0,266.0,25.0,67.0,0.373,13.0,37.0,0.351,12.0,30.0,0.4,0.47,9.0,19.0,0.474,22.0,28.0,50.0,15.0,7.0,4.0,10.0,36.0,72.0
Jerami Grant,PF,25.0,DEN,64.0,22.0,1676.0,263.0,558.0,0.471,88.0,220.0,0.4,175.0,338.0,0.518,0.55,128.0,172.0,0.744,53.0,174.0,227.0,79.0,44.0,52.0,55.0,141.0,742.0
Josh Gray,PG,26.0,NOP,2.0,0.0,23.0,1.0,2.0,0.5,0.0,0.0,0.0,1.0,2.0,0.5,0.5,0.0,0.0,0.0,1.0,1.0,2.0,2.0,0.0,0.0,5.0,1.0,2.0
Danny Green,SG,32.0,LAL,61.0,61.0,1529.0,178.0,425.0,0.419,113.0,299.0,0.378,65.0,126.0,0.516,0.552,32.0,44.0,0.727,44.0,162.0,206.0,86.0,76.0,29.0,54.0,129.0,501.0
Draymond Green,PF,29.0,GSW,43.0,43.0,1222.0,123.0,316.0,0.389,36.0,129.0,0.279,87.0,187.0,0.465,0.446,63.0,83.0,0.759,23.0,243.0,266.0,266.0,59.0,33.0,98.0,110.0,345.0
JaMychal Green,PF,29.0,LAC,55.0,0.0,1130.0,125.0,302.0,0.414,74.0,204.0,0.363,51.0,98.0,0.52,0.536,32.0,44.0,0.727,75.0,273.0,348.0,43.0,25.0,20.0,45.0,146.0,356.0
Javonte Green,SF,26.0,BOS,44.0,1.0,414.0,49.0,98.0,0.5,6.0,23.0,0.261,43.0,75.0,0.573,0.531,23.0,36.0,0.639,18.0,62.0,80.0,23.0,23.0,7.0,18.0,37.0,127.0
Jeff Green,PF,33.0,HOU,10.0,0.0,201.0,41.0,66.0,0.621,14.0,34.0,0.412,27.0,32.0,0.844,0.727,8.0,10.0,0.8,9.0,23.0,32.0,12.0,9.0,5.0,9.0,19.0,104.0
Blake Griffin,PF,30.0,DET,18.0,18.0,512.0,88.0,250.0,0.352,27.0,111.0,0.243,61.0,139.0,0.439,0.406,76.0,98.0,0.776,17.0,67.0,84.0,59.0,7.0,7.0,40.0,27.0,279.0
Marko Guduric,SG,24.0,MEM,42.0,0.0,476.0,61.0,154.0,0.396,25.0,81.0,0.309,36.0,73.0,0.493,0.477,23.0,25.0,0.92,14.0,57.0,71.0,45.0,12.0,8.0,36.0,34.0,170.0
Kyle Guy,SG,22.0,SAC,2.0,0.0,4.0,1.0,2.0,0.5,0.0,1.0,0.0,1.0,1.0,1.0,0.5,0.0,0.0,0.0,0.0,0.0,0.0,0.0,0.0,0.0,0.0,0.0,2.0
Rui Hachimura,PF,21.0,WAS,41.0,41.0,1217.0,218.0,456.0,0.478,20.0,73.0,0.274,198.0,383.0,0.517,0.5,92.0,111.0,0.829,63.0,185.0,248.0,70.0,34.0,7.0,41.0,89.0,548.0
Devon Hall,SG,24.0,OKC,5.0,0.0,20.0,1.0,5.0,0.2,0.0,2.0,0.0,1.0,3.0,0.333,0.2,3.0,4.0,0.75,0.0,1.0,1.0,3.0,0.0,0.0,1.0,1.0,5.0
Donta Hall,PF,22.0,DET,4.0,0.0,48.0,1.0,4.0,0.25,0.0,0.0,0.0,1.0,4.0,0.25,0.25,4.0,6.0,0.667,6.0,9.0,15.0,2.0,1.0,1.0,2.0,9.0,6.0
Dusty Hannahs,SG,26.0,MEM,2.0,0.0,13.0,4.0,9.0,0.444,2.0,3.0,0.667,2.0,6.0,0.333,0.556,2.0,2.0,1.0,0.0,1.0,1.0,0.0,0.0,0.0,0.0,1.0,12.0
Tim Hardaway Jr.,SG,27.0,DAL,63.0,50.0,1815.0,346.0,792.0,0.437,185.0,455.0,0.407,161.0,337.0,0.478,0.554,121.0,151.0,0.801,23.0,175.0,198.0,124.0,39.0,5.0,61.0,105.0,998.0
James Harden,SG,30.0,HOU,61.0,61.0,2241.0,603.0,1386.0,0.435,271.0,769.0,0.352,332.0,617.0,0.538,0.533,619.0,719.0,0.861,64.0,324.0,388.0,450.0,106.0,53.0,273.0,206.0,2096.0
Maurice Harkless,SF,26.0,NYK,12.0,10.0,286.0,30.0,66.0,0.455,7.0,25.0,0.28,23.0,41.0,0.561,0.508,15.0,24.0,0.625,8.0,32.0,40.0,20.0,9.0,3.0,7.0,28.0,82.0
Jared Harper,PG,22.0,PHO,3.0,0.0,8.0,1.0,4.0,0.25,0.0,2.0,0.0,1.0,2.0,0.5,0.25,0.0,0.0,0.0,0.0,0.0,0.0,0.0,0.0,0.0,0.0,0.0,2.0
Montrezl Harrell,C,26.0,LAC,63.0,2.0,1749.0,471.0,812.0,0.58,0.0,18.0,0.0,471.0,794.0,0.593,0.58,231.0,351.0,0.658,163.0,282.0,445.0,107.0,39.0,72.0,108.0,146.0,1173.0
Gary Harris,SG,25.0,DEN,56.0,55.0,1780.0,218.0,519.0,0.42,70.0,210.0,0.333,148.0,309.0,0.479,0.487,75.0,92.0,0.815,26.0,137.0,163.0,118.0,76.0,14.0,60.0,116.0,581.0
Joe Harris,SF,28.0,BRK,63.0,63.0,1946.0,332.0,705.0,0.471,152.0,369.0,0.412,180.0,336.0,0.536,0.579,62.0,83.0,0.747,60.0,212.0,272.0,130.0,38.0,16.0,93.0,138.0,878.0
Tobias Harris,PF,27.0,PHI,65.0,65.0,2243.0,494.0,1046.0,0.472,117.0,323.0,0.362,377.0,723.0,0.521,0.528,154.0,191.0,0.806,54.0,386.0,440.0,205.0,49.0,35.0,97.0,148.0,1259.0
Shaquille Harrison,SF,26.0,CHI,43.0,10.0,484.0,77.0,165.0,0.467,16.0,42.0,0.381,61.0,123.0,0.496,0.515,39.0,50.0,0.78,22.0,64.0,86.0,49.0,34.0,19.0,19.0,55.0,209.0
Josh Hart,SF,24.0,NOP,57.0,14.0,1563.0,200.0,481.0,0.416,111.0,325.0,0.342,89.0,156.0,0.571,0.531,68.0,91.0,0.747,54.0,316.0,370.0,94.0,59.0,21.0,65.0,144.0,579.0
Isaiah Hartenstein,C,21.0,HOU,23.0,2.0,266.0,44.0,67.0,0.657,0.0,5.0,0.0,44.0,62.0,0.71,0.657,19.0,28.0,0.679,29.0,61.0,90.0,18.0,9.0,12.0,16.0,41.0,107.0
Udonis Haslem,PF,39.0,MIA,3.0,0.0,21.0,1.0,6.0,0.167,0.0,2.0,0.0,1.0,4.0,0.25,0.167,3.0,4.0,0.75,0.0,8.0,8.0,1.0,0.0,0.0,0.0,3.0,5.0
Jaxson Hayes,C,19.0,NOP,56.0,12.0,951.0,155.0,235.0,0.66,1.0,4.0,0.25,154.0,231.0,0.667,0.662,109.0,173.0,0.63,82.0,141.0,223.0,51.0,23.0,53.0,41.0,142.0,420.0
Gordon Hayward,SF,29.0,BOS,45.0,45.0,1501.0,305.0,607.0,0.502,74.0,189.0,0.392,231.0,418.0,0.553,0.563,94.0,111.0,0.847,45.0,249.0,294.0,185.0,35.0,20.0,79.0,81.0,778.0
John Henson,PF,29.0,DET,11.0,6.0,188.0,34.0,51.0,0.667,2.0,5.0,0.4,32.0,46.0,0.696,0.686,6.0,13.0,0.462,14.0,34.0,48.0,11.0,8.0,10.0,15.0,23.0,76.0
Dewan Hernandez,C,23.0,TOR,4.0,0.0,11.0,1.0,5.0,0.2,0.0,1.0,0.0,1.0,4.0,0.25,0.2,2.0,2.0,1.0,2.0,5.0,7.0,0.0,1.0,0.0,1.0,6.0,4.0
Juan Hernangómez,PF,24.0,MIN,14.0,14.0,411.0,62.0,137.0,0.453,29.0,69.0,0.42,33.0,68.0,0.485,0.558,28.0,46.0,0.609,19.0,83.0,102.0,18.0,14.0,4.0,14.0,35.0,181.0
Willy Hernangómez,C,25.0,CHO,31.0,0.0,375.0,74.0,139.0,0.532,5.0,22.0,0.227,69.0,117.0,0.59,0.55,37.0,59.0,0.627,43.0,91.0,134.0,29.0,10.0,7.0,30.0,32.0,190.0
Tyler Herro,SG,20.0,MIA,47.0,6.0,1280.0,220.0,532.0,0.414,99.0,253.0,0.391,121.0,279.0,0.434,0.507,66.0,79.0,0.835,14.0,173.0,187.0,91.0,30.0,7.0,72.0,59.0,605.0
Kevin Hervey,PF,23.0,OKC,7.0,0.0,19.0,1.0,11.0,0.091,0.0,8.0,0.0,1.0,3.0,0.333,0.091,0.0,0.0,0.0,0.0,2.0,2.0,1.0,0.0,0.0,0.0,1.0,2.0
Mario Hezonja,PF,24.0,POR,47.0,4.0,767.0,81.0,189.0,0.429,21.0,64.0,0.328,60.0,125.0,0.48,0.484,42.0,51.0,0.824,26.0,136.0,162.0,42.0,28.0,9.0,37.0,92.0,225.0
Buddy Hield,SG,27.0,SAC,64.0,44.0,2045.0,456.0,1062.0,0.429,244.0,618.0,0.395,212.0,444.0,0.477,0.544,112.0,131.0,0.855,57.0,249.0,306.0,197.0,60.0,17.0,150.0,150.0,1268.0
George Hill,PG,33.0,MIL,52.0,0.0,1103.0,178.0,336.0,0.53,73.0,152.0,0.48,105.0,184.0,0.571,0.638,69.0,83.0,0.831,45.0,109.0,154.0,151.0,42.0,4.0,49.0,75.0,498.0
Solomon Hill,SF,28.0,MIA,6.0,1.0,91.0,4.0,15.0,0.267,3.0,9.0,0.333,1.0,6.0,0.167,0.367,4.0,4.0,1.0,3.0,7.0,10.0,4.0,5.0,5.0,7.0,5.0,15.0
Jaylen Hoard,SF,20.0,POR,13.0,0.0,103.0,15.0,32.0,0.469,0.0,3.0,0.0,15.0,29.0,0.517,0.469,8.0,13.0,0.615,14.0,18.0,32.0,4.0,5.0,0.0,4.0,12.0,38.0
Aaron Holiday,PG,23.0,IND,58.0,26.0,1368.0,202.0,496.0,0.407,80.0,203.0,0.394,122.0,293.0,0.416,0.488,62.0,72.0,0.861,21.0,111.0,132.0,193.0,45.0,13.0,75.0,102.0,546.0
Jrue Holiday,SG,29.0,NOP,55.0,55.0,1922.0,421.0,931.0,0.452,115.0,322.0,0.357,306.0,609.0,0.502,0.514,119.0,170.0,0.7,70.0,198.0,268.0,378.0,92.0,44.0,158.0,125.0,1076.0
Justin Holiday,SG,30.0,IND,65.0,2.0,1617.0,190.0,432.0,0.44,122.0,288.0,0.424,68.0,144.0,0.472,0.581,46.0,59.0,0.78,30.0,176.0,206.0,87.0,75.0,42.0,40.0,119.0,548.0
Rondae Hollis-Jefferson,SF,25.0,TOR,52.0,5.0,998.0,139.0,295.0,0.471,2.0,17.0,0.118,137.0,278.0,0.493,0.475,95.0,129.0,0.736,102.0,152.0,254.0,90.0,44.0,22.0,49.0,105.0,375.0
Richaun Holmes,C,26.0,SAC,39.0,33.0,1125.0,210.0,321.0,0.654,0.0,0.0,0.0,210.0,321.0,0.654,0.654,80.0,100.0,0.8,118.0,207.0,325.0,39.0,39.0,55.0,49.0,152.0,500.0
Rodney Hood,SF,27.0,POR,21.0,21.0,619.0,87.0,172.0,0.506,35.0,71.0,0.493,52.0,101.0,0.515,0.608,21.0,27.0,0.778,10.0,62.0,72.0,32.0,17.0,4.0,19.0,46.0,230.0
Al Horford,C,33.0,PHI,60.0,57.0,1848.0,289.0,654.0,0.442,89.0,264.0,0.337,200.0,390.0,0.513,0.51,55.0,73.0,0.753,92.0,320.0,412.0,244.0,52.0,55.0,65.0,128.0,722.0
Talen Horton-Tucker,SG,19.0,LAL,2.0,0.0,5.0,0.0,1.0,0.0,0.0,1.0,0.0,0.0,0.0,0.0,0.0,0.0,0.0,0.0,0.0,0.0,0.0,2.0,1.0,0.0,0.0,0.0,0.0
Danuel House,SF,26.0,HOU,58.0,47.0,1739.0,206.0,482.0,0.427,113.0,311.0,0.363,93.0,171.0,0.544,0.545,68.0,85.0,0.8,56.0,190.0,246.0,78.0,64.0,32.0,49.0,119.0,593.0
Dwight Howard,C,34.0,LAL,62.0,2.0,1193.0,188.0,257.0,0.732,3.0,5.0,0.6,185.0,252.0,0.734,0.737,89.0,180.0,0.494,156.0,301.0,457.0,42.0,27.0,76.0,73.0,200.0,468.0
William Howard,SG,26.0,HOU,2.0,0.0,13.0,0.0,4.0,0.0,0.0,4.0,0.0,0.0,0.0,0.0,0.0,0.0,0.0,0.0,0.0,2.0,2.0,1.0,0.0,0.0,1.0,1.0,0.0
Kevin Huerter,SG,21.0,ATL,56.0,48.0,1760.0,252.0,610.0,0.413,127.0,334.0,0.38,125.0,276.0,0.453,0.517,53.0,64.0,0.828,35.0,193.0,228.0,213.0,51.0,27.0,87.0,139.0,684.0
De'Andre Hunter,SF,22.0,ATL,63.0,62.0,2018.0,280.0,683.0,0.41,108.0,304.0,0.355,172.0,379.0,0.454,0.489,110.0,144.0,0.764,44.0,242.0,286.0,112.0,44.0,18.0,103.0,182.0,778.0
Chandler Hutchison,SF,23.0,CHI,28.0,10.0,527.0,80.0,175.0,0.457,12.0,38.0,0.316,68.0,137.0,0.496,0.491,46.0,78.0,0.59,18.0,90.0,108.0,26.0,27.0,7.0,27.0,47.0,218.0
Serge Ibaka,C,30.0,TOR,50.0,27.0,1377.0,323.0,623.0,0.518,66.0,166.0,0.398,257.0,457.0,0.562,0.571,89.0,119.0,0.748,104.0,310.0,414.0,73.0,24.0,42.0,100.0,138.0,801.0
Andre Iguodala,SG,36.0,MIA,14.0,0.0,259.0,25.0,51.0,0.49,9.0,24.0,0.375,16.0,27.0,0.593,0.578,2.0,8.0,0.25,10.0,43.0,53.0,28.0,8.0,16.0,17.0,28.0,61.0
Ersan İlyasova,PF,32.0,MIL,56.0,8.0,895.0,137.0,290.0,0.472,46.0,124.0,0.371,91.0,166.0,0.548,0.552,62.0,75.0,0.827,60.0,216.0,276.0,47.0,23.0,14.0,33.0,87.0,382.0
Joe Ingles,SF,32.0,UTA,64.0,37.0,1916.0,218.0,494.0,0.441,123.0,310.0,0.397,95.0,184.0,0.516,0.566,65.0,84.0,0.774,23.0,233.0,256.0,331.0,57.0,9.0,124.0,135.0,624.0
Brandon Ingram,PF,22.0,NOP,56.0,56.0,1919.0,469.0,1006.0,0.466,137.0,354.0,0.387,332.0,652.0,0.509,0.534,283.0,330.0,0.858,49.0,301.0,350.0,241.0,56.0,37.0,174.0,162.0,1358.0
Kyrie Irving,PG,27.0,BRK,20.0,20.0,658.0,199.0,416.0,0.478,56.0,142.0,0.394,143.0,274.0,0.522,0.546,94.0,102.0,0.922,22.0,81.0,103.0,128.0,27.0,10.0,52.0,53.0,548.0
Jonathan Isaac,SF,22.0,ORL,32.0,32.0,949.0,149.0,322.0,0.463,30.0,91.0,0.33,119.0,231.0,0.515,0.509,56.0,73.0,0.767,57.0,165.0,222.0,44.0,50.0,78.0,47.0,79.0,384.0
Wesley Iwundu,SF,25.0,ORL,45.0,18.0,810.0,77.0,194.0,0.397,21.0,67.0,0.313,56.0,127.0,0.441,0.451,62.0,76.0,0.816,23.0,90.0,113.0,46.0,25.0,11.0,18.0,62.0,237.0
Frank Jackson,PG,21.0,NOP,51.0,1.0,656.0,99.0,257.0,0.385,39.0,120.0,0.325,60.0,137.0,0.438,0.461,48.0,64.0,0.75,19.0,52.0,71.0,41.0,15.0,4.0,43.0,67.0,285.0
Jaren Jackson Jr.,C,20.0,MEM,54.0,54.0,1512.0,328.0,701.0,0.468,135.0,340.0,0.397,193.0,361.0,0.535,0.564,123.0,166.0,0.741,53.0,201.0,254.0,76.0,36.0,87.0,94.0,219.0,914.0
Josh Jackson,SG,22.0,MEM,18.0,0.0,357.0,68.0,155.0,0.439,23.0,72.0,0.319,45.0,83.0,0.542,0.513,29.0,44.0,0.659,11.0,47.0,58.0,31.0,18.0,9.0,25.0,39.0,188.0
Justin Jackson,PF,24.0,DAL,58.0,2.0,929.0,124.0,311.0,0.399,45.0,151.0,0.298,79.0,160.0,0.494,0.471,36.0,44.0,0.818,27.0,115.0,142.0,49.0,12.0,10.0,12.0,58.0,329.0
Reggie Jackson,PG,29.0,LAC,9.0,1.0,175.0,31.0,59.0,0.525,14.0,31.0,0.452,17.0,28.0,0.607,0.644,9.0,10.0,0.9,4.0,22.0,26.0,29.0,2.0,4.0,17.0,19.0,85.0
Justin James,SG,23.0,SAC,34.0,0.0,218.0,33.0,78.0,0.423,9.0,26.0,0.346,24.0,52.0,0.462,0.481,10.0,21.0,0.476,6.0,24.0,30.0,16.0,6.0,9.0,8.0,16.0,85.0
LeBron James,PG,35.0,LAL,60.0,60.0,2094.0,586.0,1176.0,0.498,133.0,381.0,0.349,453.0,795.0,0.57,0.555,239.0,343.0,0.697,59.0,414.0,473.0,636.0,74.0,30.0,239.0,106.0,1544.0
Amile Jefferson,PF,26.0,ORL,18.0,0.0,74.0,5.0,14.0,0.357,0.0,0.0,0.0,5.0,14.0,0.357,0.357,5.0,14.0,0.357,10.0,13.0,23.0,4.0,1.0,3.0,3.0,7.0,15.0
DaQuan Jeffries,SG,22.0,SAC,6.0,0.0,19.0,3.0,7.0,0.429,1.0,4.0,0.25,2.0,3.0,0.667,0.5,0.0,0.0,0.0,1.0,0.0,1.0,1.0,1.0,0.0,0.0,3.0,7.0
Ty Jerome,PG,22.0,PHO,28.0,0.0,315.0,37.0,106.0,0.349,13.0,47.0,0.277,24.0,59.0,0.407,0.41,11.0,14.0,0.786,6.0,35.0,41.0,43.0,14.0,3.0,18.0,28.0,98.0
Alize Johnson,SF,23.0,IND,13.0,0.0,54.0,7.0,15.0,0.467,0.0,0.0,0.0,7.0,15.0,0.467,0.467,4.0,6.0,0.667,7.0,11.0,18.0,2.0,0.0,0.0,3.0,6.0,18.0
B.J. Johnson,SF,24.0,ORL,8.0,0.0,46.0,5.0,18.0,0.278,1.0,6.0,0.167,4.0,12.0,0.333,0.306,2.0,2.0,1.0,1.0,5.0,6.0,2.0,2.0,0.0,3.0,0.0,13.0
Cameron Johnson,PF,23.0,PHO,49.0,1.0,996.0,136.0,325.0,0.418,91.0,229.0,0.397,45.0,96.0,0.469,0.558,35.0,46.0,0.761,39.0,101.0,140.0,52.0,30.0,16.0,29.0,72.0,398.0
James Johnson,PF,32.0,MIN,14.0,1.0,338.0,64.0,128.0,0.5,17.0,46.0,0.37,47.0,82.0,0.573,0.566,23.0,34.0,0.676,17.0,49.0,66.0,53.0,19.0,19.0,33.0,46.0,168.0
Keldon Johnson,SF,20.0,SAS,9.0,0.0,92.0,16.0,31.0,0.516,2.0,5.0,0.4,14.0,26.0,0.538,0.548,7.0,10.0,0.7,5.0,12.0,17.0,6.0,5.0,1.0,3.0,9.0,41.0
Stanley Johnson,PF,23.0,TOR,20.0,0.0,96.0,8.0,31.0,0.258,2.0,13.0,0.154,6.0,18.0,0.333,0.29,5.0,6.0,0.833,3.0,19.0,22.0,8.0,4.0,2.0,8.0,10.0,23.0
Tyler Johnson,SG,27.0,PHO,31.0,3.0,515.0,65.0,171.0,0.38,24.0,83.0,0.289,41.0,88.0,0.466,0.45,24.0,32.0,0.75,10.0,42.0,52.0,50.0,12.0,8.0,24.0,43.0,178.0
Nikola Jokić,C,24.0,DEN,65.0,65.0,2101.0,512.0,969.0,0.528,71.0,226.0,0.314,441.0,743.0,0.594,0.565,218.0,268.0,0.813,155.0,508.0,663.0,446.0,77.0,43.0,202.0,200.0,1313.0
Damian Jones,C,24.0,ATL,55.0,27.0,887.0,121.0,178.0,0.68,2.0,9.0,0.222,119.0,169.0,0.704,0.685,62.0,84.0,0.738,74.0,132.0,206.0,35.0,26.0,40.0,28.0,149.0,306.0
Derrick Jones Jr.,SF,22.0,MIA,51.0,15.0,1249.0,166.0,323.0,0.514,34.0,126.0,0.27,132.0,197.0,0.67,0.567,88.0,113.0,0.779,57.0,156.0,213.0,57.0,54.0,36.0,27.0,114.0,454.0
Tyus Jones,PG,23.0,MEM,65.0,6.0,1232.0,197.0,429.0,0.459,47.0,124.0,0.379,150.0,305.0,0.492,0.514,43.0,58.0,0.741,9.0,94.0,103.0,285.0,59.0,6.0,55.0,44.0,484.0
DeAndre Jordan,C,31.0,BRK,56.0,6.0,1234.0,191.0,287.0,0.666,0.0,0.0,0.0,191.0,287.0,0.666,0.666,83.0,122.0,0.68,141.0,420.0,561.0,105.0,18.0,52.0,74.0,114.0,465.0
Cory Joseph,PG,28.0,SAC,64.0,22.0,1538.0,155.0,369.0,0.42,47.0,134.0,0.351,108.0,235.0,0.46,0.484,48.0,58.0,0.828,37.0,126.0,163.0,218.0,46.0,21.0,64.0,121.0,405.0
Mfiondu Kabengele,C,22.0,LAC,12.0,0.0,64.0,14.0,32.0,0.438,9.0,20.0,0.45,5.0,12.0,0.417,0.578,5.0,5.0,1.0,1.0,10.0,11.0,2.0,2.0,2.0,2.0,9.0,42.0
Frank Kaminsky,C,26.0,PHO,32.0,13.0,718.0,127.0,279.0,0.455,39.0,112.0,0.348,88.0,167.0,0.527,0.525,59.0,88.0,0.67,30.0,128.0,158.0,71.0,13.0,10.0,33.0,69.0,352.0
Enes Kanter,C,27.0,BOS,51.0,6.0,891.0,176.0,311.0,0.566,1.0,7.0,0.143,175.0,304.0,0.576,0.568,63.0,89.0,0.708,141.0,253.0,394.0,49.0,21.0,38.0,52.0,85.0,416.0
Luke Kennard,SG,23.0,DET,28.0,25.0,922.0,151.0,342.0,0.442,73.0,183.0,0.399,78.0,159.0,0.491,0.548,67.0,75.0,0.893,9.0,89.0,98.0,115.0,12.0,6.0,43.0,65.0,442.0
Stanton Kidd,SF,27.0,UTA,4.0,0.0,15.0,0.0,3.0,0.0,0.0,1.0,0.0,0.0,2.0,0.0,0.0,0.0,0.0,0.0,0.0,3.0,3.0,1.0,0.0,0.0,2.0,3.0,0.0
Michael Kidd-Gilchrist,SF,26.0,DAL,9.0,0.0,71.0,1.0,7.0,0.143,0.0,3.0,0.0,1.0,4.0,0.25,0.143,2.0,2.0,1.0,3.0,17.0,20.0,3.0,2.0,2.0,6.0,14.0,4.0
Louis King,SF,20.0,DET,10.0,0.0,62.0,8.0,21.0,0.381,4.0,11.0,0.364,4.0,10.0,0.4,0.476,0.0,3.0,0.0,1.0,9.0,10.0,5.0,2.0,0.0,2.0,10.0,20.0
Maxi Kleber,C,28.0,DAL,66.0,21.0,1695.0,214.0,466.0,0.459,107.0,286.0,0.374,107.0,180.0,0.594,0.574,69.0,80.0,0.863,99.0,256.0,355.0,77.0,20.0,78.0,48.0,153.0,604.0
Brandon Knight,PG,28.0,DET,9.0,3.0,221.0,31.0,81.0,0.383,26.0,67.0,0.388,5.0,14.0,0.357,0.543,16.0,21.0,0.762,1.0,20.0,21.0,38.0,5.0,1.0,22.0,20.0,104.0
Kevin Knox,SF,20.0,NYK,65.0,4.0,1166.0,144.0,401.0,0.359,65.0,199.0,0.327,79.0,202.0,0.391,0.44,66.0,101.0,0.653,28.0,156.0,184.0,61.0,23.0,28.0,45.0,106.0,419.0
John Konchar,SG,23.0,MEM,15.0,0.0,167.0,23.0,35.0,0.657,4.0,9.0,0.444,19.0,26.0,0.731,0.714,1.0,2.0,0.5,18.0,28.0,46.0,21.0,7.0,3.0,6.0,7.0,51.0
Furkan Korkmaz,SG,22.0,PHI,64.0,12.0,1398.0,222.0,514.0,0.432,126.0,317.0,0.397,96.0,197.0,0.487,0.554,53.0,72.0,0.736,16.0,132.0,148.0,70.0,36.0,15.0,52.0,89.0,623.0
Luke Kornet,C,24.0,CHI,36.0,14.0,559.0,82.0,187.0,0.439,31.0,108.0,0.287,51.0,79.0,0.646,0.521,20.0,28.0,0.714,22.0,62.0,84.0,32.0,11.0,26.0,14.0,54.0,215.0
Kyle Korver,SF,38.0,MIL,50.0,0.0,833.0,111.0,259.0,0.429,86.0,207.0,0.415,25.0,52.0,0.481,0.595,28.0,34.0,0.824,14.0,90.0,104.0,61.0,21.0,12.0,42.0,68.0,336.0
Rodions Kurucs,PF,21.0,BRK,39.0,4.0,501.0,60.0,134.0,0.448,25.0,65.0,0.385,35.0,69.0,0.507,0.541,17.0,28.0,0.607,18.0,79.0,97.0,33.0,17.0,3.0,35.0,66.0,162.0
Kyle Kuzma,PF,24.0,LAL,54.0,7.0,1327.0,254.0,588.0,0.432,70.0,236.0,0.297,184.0,352.0,0.523,0.491,96.0,130.0,0.738,48.0,194.0,242.0,69.0,21.0,21.0,85.0,106.0,674.0
Skal Labissière,C,23.0,POR,33.0,1.0,567.0,81.0,147.0,0.551,3.0,13.0,0.231,78.0,134.0,0.582,0.561,25.0,33.0,0.758,65.0,104.0,169.0,42.0,7.0,31.0,30.0,89.0,190.0
Jeremy Lamb,SG,27.0,IND,46.0,42.0,1291.0,216.0,479.0,0.451,53.0,158.0,0.335,163.0,321.0,0.508,0.506,92.0,110.0,0.836,24.0,176.0,200.0,96.0,55.0,22.0,50.0,104.0,577.0
Romeo Langford,SG,20.0,BOS,27.0,1.0,298.0,24.0,64.0,0.375,5.0,23.0,0.217,19.0,41.0,0.463,0.414,16.0,23.0,0.696,14.0,18.0,32.0,6.0,8.0,6.0,9.0,29.0,69.0
Zach LaVine,SG,24.0,CHI,60.0,60.0,2085.0,539.0,1199.0,0.45,184.0,484.0,0.38,355.0,715.0,0.497,0.526,268.0,334.0,0.802,41.0,248.0,289.0,254.0,88.0,28.0,206.0,131.0,1530.0
Vic Law,SF,24.0,ORL,5.0,0.0,9.0,0.0,3.0,0.0,0.0,1.0,0.0,0.0,2.0,0.0,0.0,0.0,2.0,0.0,0.0,1.0,1.0,0.0,0.0,0.0,0.0,0.0,0.0
Jake Layman,PF,25.0,MIN,23.0,2.0,505.0,81.0,179.0,0.453,24.0,72.0,0.333,57.0,107.0,0.533,0.52,24.0,32.0,0.75,17.0,40.0,57.0,15.0,17.0,10.0,24.0,47.0,210.0
T.J. Leaf,PF,22.0,IND,25.0,1.0,193.0,30.0,69.0,0.435,5.0,14.0,0.357,25.0,55.0,0.455,0.471,7.0,12.0,0.583,21.0,43.0,64.0,6.0,8.0,3.0,7.0,18.0,72.0
Jalen Lecque,PG,19.0,PHO,4.0,0.0,26.0,4.0,10.0,0.4,0.0,4.0,0.0,4.0,6.0,0.667,0.4,2.0,2.0,1.0,0.0,0.0,0.0,2.0,0.0,0.0,1.0,2.0,10.0
Courtney Lee,SG,34.0,DAL,24.0,9.0,345.0,40.0,82.0,0.488,21.0,47.0,0.447,19.0,35.0,0.543,0.616,6.0,7.0,0.857,7.0,25.0,32.0,12.0,18.0,6.0,11.0,33.0,107.0
Damion Lee,SG,27.0,GSW,49.0,36.0,1423.0,213.0,511.0,0.417,85.0,239.0,0.356,128.0,272.0,0.471,0.5,110.0,126.0,0.873,32.0,207.0,239.0,133.0,50.0,6.0,67.0,116.0,621.0
Alex Len,C,26.0,SAC,9.0,0.0,150.0,26.0,42.0,0.619,0.0,0.0,0.0,26.0,42.0,0.619,0.619,7.0,10.0,0.7,26.0,38.0,64.0,5.0,2.0,13.0,11.0,21.0,59.0
Kawhi Leonard,SF,28.0,LAC,51.0,51.0,1643.0,476.0,1016.0,0.469,107.0,292.0,0.366,369.0,724.0,0.51,0.521,311.0,350.0,0.889,52.0,321.0,373.0,254.0,92.0,31.0,140.0,98.0,1370.0
Meyers Leonard,C,27.0,MIA,49.0,49.0,987.0,116.0,223.0,0.52,51.0,119.0,0.429,65.0,104.0,0.625,0.635,17.0,26.0,0.654,27.0,221.0,248.0,53.0,13.0,15.0,35.0,103.0,300.0
Caris LeVert,SG,25.0,BRK,39.0,25.0,1131.0,252.0,609.0,0.414,72.0,189.0,0.381,180.0,420.0,0.429,0.473,116.0,161.0,0.72,40.0,119.0,159.0,159.0,44.0,7.0,98.0,72.0,692.0
Damian Lillard,PG,29.0,POR,58.0,58.0,2140.0,531.0,1162.0,0.457,226.0,573.0,0.394,305.0,589.0,0.518,0.554,389.0,438.0,0.888,30.0,220.0,250.0,453.0,59.0,21.0,168.0,98.0,1677.0
Nassir Little,PF,19.0,POR,48.0,5.0,573.0,65.0,151.0,0.43,14.0,59.0,0.237,51.0,92.0,0.554,0.477,28.0,44.0,0.636,31.0,77.0,108.0,22.0,13.0,14.0,15.0,72.0,172.0
Kevon Looney,C,23.0,GSW,20.0,4.0,262.0,29.0,79.0,0.367,1.0,14.0,0.071,28.0,65.0,0.431,0.373,9.0,12.0,0.75,28.0,38.0,66.0,20.0,12.0,6.0,12.0,34.0,68.0
Brook Lopez,C,31.0,MIL,61.0,60.0,1622.0,244.0,571.0,0.427,84.0,284.0,0.296,160.0,287.0,0.557,0.501,98.0,121.0,0.81,42.0,230.0,272.0,95.0,43.0,149.0,63.0,147.0,670.0
Robin Lopez,C,31.0,MIL,60.0,4.0,862.0,137.0,273.0,0.502,33.0,96.0,0.344,104.0,177.0,0.588,0.562,23.0,43.0,0.535,52.0,94.0,146.0,41.0,10.0,41.0,54.0,80.0,330.0
Kevin Love,PF,31.0,CLE,56.0,56.0,1780.0,327.0,727.0,0.45,146.0,390.0,0.374,181.0,337.0,0.537,0.55,187.0,219.0,0.854,54.0,493.0,547.0,178.0,33.0,19.0,140.0,90.0,987.0
Kyle Lowry,PG,33.0,TOR,52.0,52.0,1901.0,309.0,741.0,0.417,153.0,432.0,0.354,156.0,309.0,0.505,0.52,255.0,296.0,0.861,30.0,221.0,251.0,399.0,70.0,22.0,154.0,168.0,1026.0
Timothé Luwawu-Cabarrot,SG,24.0,BRK,39.0,0.0,671.0,78.0,192.0,0.406,39.0,109.0,0.358,39.0,83.0,0.47,0.508,52.0,62.0,0.839,24.0,67.0,91.0,25.0,15.0,6.0,32.0,81.0,247.0
Trey Lyles,PF,24.0,SAS,63.0,53.0,1271.0,153.0,343.0,0.446,65.0,168.0,0.387,88.0,175.0,0.503,0.541,33.0,45.0,0.733,71.0,290.0,361.0,69.0,28.0,28.0,39.0,98.0,404.0
Daryl Macon,SG,24.0,MIA,4.0,0.0,14.0,1.0,3.0,0.333,1.0,2.0,0.5,0.0,1.0,0.0,0.5,0.0,0.0,0.0,0.0,0.0,0.0,1.0,0.0,0.0,2.0,1.0,3.0
J.P. Macura,SG,24.0,CLE,1.0,0.0,1.0,0.0,0.0,0.0,0.0,0.0,0.0,0.0,0.0,0.0,0.0,0.0,0.0,0.0,0.0,0.0,0.0,0.0,0.0,0.0,0.0,0.0,0.0
Josh Magette,PG,30.0,ORL,8.0,0.0,38.0,5.0,15.0,0.333,1.0,4.0,0.25,4.0,11.0,0.364,0.367,1.0,2.0,0.5,1.0,5.0,6.0,5.0,3.0,1.0,5.0,4.0,12.0
Ian Mahinmi,C,33.0,WAS,38.0,35.0,808.0,104.0,210.0,0.495,5.0,26.0,0.192,99.0,184.0,0.538,0.507,70.0,113.0,0.619,78.0,140.0,218.0,49.0,31.0,44.0,45.0,114.0,283.0
Thon Maker,C,22.0,DET,60.0,14.0,776.0,93.0,193.0,0.482,22.0,64.0,0.344,71.0,129.0,0.55,0.539,73.0,110.0,0.664,54.0,113.0,167.0,43.0,25.0,39.0,45.0,102.0,281.0
Terance Mann,SG,23.0,LAC,35.0,6.0,271.0,22.0,54.0,0.407,3.0,12.0,0.25,19.0,42.0,0.452,0.435,9.0,12.0,0.75,4.0,29.0,33.0,38.0,8.0,5.0,14.0,36.0,56.0
Boban Marjanović,C,31.0,DAL,37.0,2.0,337.0,96.0,173.0,0.555,4.0,15.0,0.267,92.0,158.0,0.582,0.566,36.0,47.0,0.766,53.0,100.0,153.0,13.0,7.0,7.0,26.0,47.0,232.0
Lauri Markkanen,PF,22.0,CHI,50.0,50.0,1492.0,251.0,591.0,0.425,109.0,317.0,0.344,142.0,274.0,0.518,0.517,126.0,153.0,0.824,60.0,253.0,313.0,74.0,42.0,23.0,81.0,96.0,737.0
Caleb Martin,SF,24.0,CHO,18.0,1.0,317.0,37.0,84.0,0.44,20.0,37.0,0.541,17.0,47.0,0.362,0.56,17.0,21.0,0.81,10.0,28.0,38.0,23.0,12.0,7.0,15.0,32.0,111.0
Cody Martin,SF,24.0,CHO,48.0,3.0,903.0,89.0,207.0,0.43,18.0,77.0,0.234,71.0,130.0,0.546,0.473,42.0,65.0,0.646,38.0,120.0,158.0,95.0,39.0,9.0,44.0,78.0,238.0
Jeremiah Martin,PG,23.0,BRK,3.0,0.0,16.0,1.0,5.0,0.2,0.0,1.0,0.0,1.0,4.0,0.25,0.2,0.0,0.0,0.0,0.0,2.0,2.0,2.0,1.0,1.0,0.0,0.0,2.0
Kelan Martin,SF,24.0,MIN,31.0,4.0,495.0,71.0,181.0,0.392,25.0,96.0,0.26,46.0,85.0,0.541,0.461,30.0,31.0,0.968,12.0,84.0,96.0,23.0,7.0,9.0,20.0,51.0,197.0
Frank Mason III,PG,25.0,MIL,6.0,0.0,53.0,5.0,19.0,0.263,2.0,10.0,0.2,3.0,9.0,0.333,0.316,2.0,4.0,0.5,3.0,5.0,8.0,11.0,2.0,0.0,6.0,4.0,14.0
Garrison Mathews,SG,23.0,WAS,18.0,0.0,227.0,24.0,56.0,0.429,19.0,46.0,0.413,5.0,10.0,0.5,0.598,31.0,34.0,0.912,6.0,18.0,24.0,10.0,8.0,1.0,8.0,32.0,98.0
Wesley Matthews,SG,33.0,MIL,62.0,62.0,1529.0,159.0,401.0,0.397,101.0,277.0,0.365,58.0,124.0,0.468,0.522,48.0,63.0,0.762,21.0,139.0,160.0,91.0,37.0,9.0,41.0,91.0,467.0
Patrick McCaw,SF,24.0,TOR,37.0,12.0,908.0,67.0,162.0,0.414,23.0,71.0,0.324,44.0,91.0,0.484,0.485,13.0,18.0,0.722,19.0,67.0,86.0,79.0,39.0,4.0,29.0,60.0,170.0
CJ McCollum,SG,28.0,POR,62.0,62.0,2229.0,549.0,1212.0,0.453,174.0,458.0,0.38,375.0,754.0,0.497,0.525,123.0,164.0,0.75,41.0,213.0,254.0,268.0,46.0,39.0,116.0,159.0,1395.0
T.J. McConnell,PG,27.0,IND,63.0,3.0,1188.0,187.0,362.0,0.517,5.0,15.0,0.333,182.0,347.0,0.524,0.523,30.0,36.0,0.833,32.0,131.0,163.0,316.0,44.0,11.0,86.0,69.0,409.0
Jalen McDaniels,PF,22.0,CHO,16.0,0.0,293.0,33.0,70.0,0.471,9.0,24.0,0.375,24.0,46.0,0.522,0.536,14.0,17.0,0.824,15.0,50.0,65.0,13.0,8.0,3.0,11.0,36.0,89.0
Doug McDermott,PF,28.0,IND,62.0,0.0,1242.0,241.0,491.0,0.491,118.0,265.0,0.445,123.0,226.0,0.544,0.611,43.0,52.0,0.827,23.0,133.0,156.0,70.0,9.0,4.0,40.0,106.0,643.0
JaVale McGee,C,32.0,LAL,61.0,61.0,1023.0,181.0,283.0,0.64,3.0,6.0,0.5,178.0,277.0,0.643,0.645,49.0,75.0,0.653,111.0,243.0,354.0,34.0,31.0,92.0,47.0,145.0,414.0
Rodney McGruder,SG,28.0,LAC,50.0,3.0,749.0,61.0,156.0,0.391,22.0,79.0,0.278,39.0,77.0,0.506,0.462,15.0,28.0,0.536,26.0,102.0,128.0,30.0,23.0,8.0,21.0,67.0,159.0
Alfonzo McKinnie,SF,27.0,CLE,40.0,1.0,593.0,73.0,171.0,0.427,14.0,65.0,0.215,59.0,106.0,0.557,0.468,22.0,31.0,0.71,37.0,76.0,113.0,14.0,23.0,8.0,26.0,72.0,182.0
Jordan McLaughlin,PG,23.0,MIN,30.0,2.0,590.0,87.0,178.0,0.489,29.0,76.0,0.382,58.0,102.0,0.569,0.57,26.0,39.0,0.667,7.0,42.0,49.0,125.0,34.0,4.0,31.0,31.0,229.0
Ben McLemore,SG,26.0,HOU,63.0,19.0,1437.0,209.0,470.0,0.445,154.0,390.0,0.395,55.0,80.0,0.688,0.609,47.0,62.0,0.758,20.0,119.0,139.0,54.0,38.0,12.0,46.0,130.0,619.0
Jordan McRae,SG,28.0,DET,4.0,0.0,98.0,14.0,43.0,0.326,3.0,16.0,0.188,11.0,27.0,0.407,0.36,16.0,22.0,0.727,0.0,15.0,15.0,7.0,0.0,0.0,5.0,10.0,47.0
Nicolò Melli,C,29.0,NOP,52.0,6.0,889.0,123.0,278.0,0.442,65.0,180.0,0.361,58.0,98.0,0.592,0.559,44.0,60.0,0.733,37.0,120.0,157.0,67.0,30.0,19.0,42.0,105.0,355.0
De'Anthony Melton,PG,21.0,MEM,52.0,8.0,1011.0,148.0,353.0,0.419,37.0,117.0,0.316,111.0,236.0,0.47,0.472,87.0,106.0,0.821,37.0,156.0,193.0,157.0,65.0,18.0,78.0,92.0,420.0
Chimezie Metu,PF,22.0,SAS,16.0,0.0,73.0,20.0,35.0,0.571,0.0,1.0,0.0,20.0,34.0,0.588,0.571,6.0,8.0,0.75,10.0,16.0,26.0,6.0,1.0,4.0,5.0,4.0,46.0
Khris Middleton,SF,28.0,MIL,55.0,52.0,1653.0,424.0,850.0,0.499,133.0,318.0,0.418,291.0,532.0,0.547,0.577,178.0,196.0,0.908,40.0,301.0,341.0,225.0,51.0,7.0,113.0,122.0,1159.0
Eric Mika,PF,25.0,SAC,1.0,0.0,19.0,2.0,3.0,0.667,0.0,0.0,0.0,2.0,3.0,0.667,0.667,2.0,2.0,1.0,2.0,5.0,7.0,0.0,0.0,0.0,0.0,5.0,6.0
C.J. Miles,SG,32.0,WAS,10.0,0.0,161.0,19.0,59.0,0.322,11.0,35.0,0.314,8.0,24.0,0.333,0.415,15.0,20.0,0.75,4.0,8.0,12.0,12.0,10.0,4.0,4.0,14.0,64.0
Malcolm Miller,SF,26.0,TOR,25.0,1.0,125.0,8.0,24.0,0.333,6.0,19.0,0.316,2.0,5.0,0.4,0.458,1.0,6.0,0.167,1.0,13.0,14.0,8.0,4.0,2.0,3.0,12.0,23.0
Patty Mills,PG,31.0,SAS,63.0,1.0,1430.0,247.0,576.0,0.429,148.0,389.0,0.38,99.0,187.0,0.529,0.557,93.0,108.0,0.861,19.0,80.0,99.0,112.0,52.0,6.0,51.0,98.0,735.0
Paul Millsap,PF,34.0,DEN,44.0,41.0,1075.0,188.0,387.0,0.486,48.0,109.0,0.44,140.0,278.0,0.504,0.548,105.0,126.0,0.833,87.0,173.0,260.0,70.0,38.0,28.0,61.0,127.0,529.0
Shake Milton,SG,23.0,PHI,32.0,16.0,611.0,108.0,217.0,0.498,48.0,106.0,0.453,60.0,111.0,0.541,0.608,39.0,51.0,0.765,11.0,57.0,68.0,71.0,19.0,6.0,38.0,69.0,303.0
Donovan Mitchell,SG,23.0,UTA,63.0,63.0,2165.0,560.0,1235.0,0.453,156.0,428.0,0.364,404.0,807.0,0.501,0.517,249.0,290.0,0.859,44.0,232.0,276.0,264.0,66.0,12.0,167.0,154.0,1525.0
Naz Mitrou-Long,SG,26.0,IND,3.0,0.0,43.0,6.0,16.0,0.375,2.0,11.0,0.182,4.0,5.0,0.8,0.438,0.0,0.0,0.0,0.0,6.0,6.0,7.0,1.0,1.0,2.0,1.0,14.0
Adam Mokoka,SG,21.0,CHI,11.0,0.0,112.0,12.0,28.0,0.429,6.0,15.0,0.4,6.0,13.0,0.462,0.536,2.0,4.0,0.5,7.0,3.0,10.0,4.0,4.0,0.0,2.0,17.0,32.0
Malik Monk,SG,21.0,CHO,55.0,1.0,1169.0,212.0,488.0,0.434,58.0,204.0,0.284,154.0,284.0,0.542,0.494,82.0,100.0,0.82,27.0,130.0,157.0,114.0,25.0,16.0,77.0,74.0,564.0
Matt Mooney,SG,22.0,CLE,4.0,0.0,19.0,1.0,4.0,0.25,0.0,2.0,0.0,1.0,2.0,0.5,0.25,0.0,0.0,0.0,0.0,3.0,3.0,1.0,2.0,1.0,0.0,1.0,2.0
E'Twaun Moore,SG,30.0,NOP,51.0,5.0,958.0,174.0,410.0,0.424,60.0,160.0,0.375,114.0,250.0,0.456,0.498,29.0,43.0,0.674,29.0,94.0,123.0,73.0,28.0,10.0,38.0,77.0,437.0
Ja Morant,PG,20.0,MEM,59.0,59.0,1771.0,393.0,800.0,0.491,51.0,139.0,0.367,342.0,661.0,0.517,0.523,204.0,265.0,0.77,44.0,164.0,208.0,409.0,54.0,15.0,191.0,90.0,1041.0
Juwan Morgan,PF,22.0,UTA,16.0,0.0,74.0,9.0,17.0,0.529,1.0,5.0,0.2,8.0,12.0,0.667,0.559,0.0,0.0,0.0,5.0,14.0,19.0,2.0,0.0,1.0,3.0,7.0,19.0
Marcus Morris,PF,30.0,LAC,12.0,12.0,340.0,44.0,114.0,0.386,17.0,60.0,0.283,27.0,54.0,0.5,0.461,9.0,11.0,0.818,7.0,41.0,48.0,18.0,8.0,10.0,15.0,33.0,114.0
Markieff Morris,PF,30.0,LAL,8.0,0.0,118.0,14.0,36.0,0.389,6.0,21.0,0.286,8.0,15.0,0.533,0.472,4.0,4.0,1.0,10.0,16.0,26.0,5.0,2.0,4.0,5.0,16.0,38.0
Monte Morris,PG,24.0,DEN,65.0,8.0,1402.0,222.0,484.0,0.459,54.0,144.0,0.375,168.0,340.0,0.494,0.514,51.0,62.0,0.823,20.0,92.0,112.0,230.0,53.0,16.0,45.0,64.0,549.0
Johnathan Motley,PF,24.0,LAC,13.0,0.0,41.0,11.0,15.0,0.733,1.0,1.0,1.0,10.0,14.0,0.714,0.767,5.0,7.0,0.714,3.0,7.0,10.0,8.0,3.0,0.0,5.0,6.0,28.0
Emmanuel Mudiay,PG,23.0,UTA,48.0,1.0,752.0,136.0,289.0,0.471,27.0,76.0,0.355,109.0,213.0,0.512,0.517,52.0,69.0,0.754,17.0,98.0,115.0,107.0,19.0,10.0,65.0,64.0,351.0
Mychal Mulder,SG,25.0,GSW,7.0,3.0,204.0,26.0,67.0,0.388,16.0,52.0,0.308,10.0,15.0,0.667,0.507,9.0,12.0,0.75,3.0,20.0,23.0,8.0,2.0,1.0,5.0,20.0,77.0
Dejounte Murray,PG,23.0,SAS,58.0,50.0,1447.0,255.0,537.0,0.475,34.0,90.0,0.378,221.0,447.0,0.494,0.507,75.0,94.0,0.798,67.0,268.0,335.0,237.0,100.0,16.0,108.0,128.0,619.0
Jamal Murray,PG,22.0,DEN,55.0,55.0,1804.0,385.0,846.0,0.455,105.0,304.0,0.345,280.0,542.0,0.517,0.517,158.0,177.0,0.893,42.0,175.0,217.0,266.0,64.0,16.0,124.0,97.0,1033.0
Džanan Musa,SF,20.0,BRK,35.0,0.0,404.0,50.0,139.0,0.36,15.0,65.0,0.231,35.0,74.0,0.473,0.414,33.0,44.0,0.75,19.0,52.0,71.0,31.0,13.0,1.0,29.0,25.0,148.0
Mike Muscala,C,28.0,OKC,41.0,0.0,492.0,64.0,159.0,0.403,43.0,120.0,0.358,21.0,39.0,0.538,0.538,18.0,22.0,0.818,13.0,81.0,94.0,34.0,8.0,11.0,14.0,51.0,189.0
Sviatoslav Mykhailiuk,SF,22.0,DET,56.0,27.0,1265.0,166.0,405.0,0.41,115.0,285.0,0.404,51.0,120.0,0.425,0.552,57.0,70.0,0.814,17.0,87.0,104.0,106.0,41.0,4.0,61.0,87.0,504.0
Abdel Nader,SF,26.0,OKC,48.0,5.0,756.0,100.0,220.0,0.455,39.0,105.0,0.371,61.0,115.0,0.53,0.543,48.0,62.0,0.774,14.0,76.0,90.0,35.0,20.0,20.0,36.0,65.0,287.0
Larry Nance Jr.,C,27.0,CLE,56.0,10.0,1472.0,229.0,431.0,0.531,56.0,159.0,0.352,173.0,272.0,0.636,0.596,50.0,74.0,0.676,106.0,303.0,409.0,123.0,56.0,22.0,60.0,91.0,564.0
Shabazz Napier,PG,28.0,WAS,15.0,8.0,378.0,56.0,130.0,0.431,24.0,63.0,0.381,32.0,67.0,0.478,0.523,44.0,53.0,0.83,8.0,28.0,36.0,66.0,26.0,2.0,35.0,31.0,180.0
Raul Neto,PG,27.0,PHI,49.0,3.0,565.0,79.0,175.0,0.451,28.0,71.0,0.394,51.0,104.0,0.49,0.531,26.0,31.0,0.839,11.0,41.0,52.0,77.0,22.0,5.0,42.0,43.0,212.0
Malik Newman,SG,22.0,CLE,1.0,0.0,4.0,0.0,2.0,0.0,0.0,1.0,0.0,0.0,1.0,0.0,0.0,2.0,2.0,1.0,0.0,0.0,0.0,0.0,0.0,0.0,1.0,0.0,2.0
Georges Niang,PF,26.0,UTA,58.0,0.0,772.0,120.0,265.0,0.453,77.0,185.0,0.416,43.0,80.0,0.538,0.598,19.0,22.0,0.864,12.0,97.0,109.0,35.0,13.0,5.0,26.0,63.0,336.0
Nerlens Noel,C,25.0,OKC,55.0,6.0,1014.0,174.0,254.0,0.685,1.0,3.0,0.333,173.0,251.0,0.689,0.687,75.0,98.0,0.765,82.0,189.0,271.0,53.0,56.0,82.0,54.0,143.0,424.0
Zach Norvell,SG,22.0,GSW,3.0,0.0,36.0,3.0,11.0,0.273,3.0,8.0,0.375,0.0,3.0,0.0,0.409,1.0,1.0,1.0,0.0,5.0,5.0,3.0,2.0,0.0,3.0,4.0,10.0
Jaylen Nowell,SG,20.0,MIN,15.0,0.0,151.0,19.0,53.0,0.358,3.0,26.0,0.115,16.0,27.0,0.593,0.387,16.0,17.0,0.941,3.0,10.0,13.0,19.0,3.0,1.0,3.0,11.0,57.0
Frank Ntilikina,PG,21.0,NYK,57.0,26.0,1187.0,131.0,333.0,0.393,44.0,137.0,0.321,87.0,196.0,0.444,0.459,51.0,59.0,0.864,23.0,98.0,121.0,172.0,54.0,16.0,71.0,142.0,357.0
Kendrick Nunn,SG,24.0,MIA,62.0,62.0,1846.0,381.0,850.0,0.448,131.0,362.0,0.362,250.0,488.0,0.512,0.525,77.0,92.0,0.837,19.0,149.0,168.0,210.0,51.0,11.0,101.0,142.0,970.0
David Nwaba,SF,27.0,BRK,20.0,0.0,268.0,37.0,71.0,0.521,12.0,28.0,0.429,25.0,43.0,0.581,0.606,18.0,27.0,0.667,8.0,37.0,45.0,8.0,11.0,12.0,8.0,32.0,104.0
Royce O'Neale,PF,26.0,UTA,64.0,55.0,1862.0,141.0,321.0,0.439,82.0,211.0,0.389,59.0,110.0,0.536,0.567,36.0,49.0,0.735,22.0,317.0,339.0,163.0,47.0,28.0,50.0,180.0,400.0
Kyle O'Quinn,C,29.0,PHI,26.0,1.0,258.0,35.0,72.0,0.486,7.0,23.0,0.304,28.0,49.0,0.571,0.535,10.0,19.0,0.526,32.0,66.0,98.0,35.0,5.0,22.0,18.0,35.0,87.0
Semi Ojeleye,PF,25.0,BOS,61.0,5.0,891.0,65.0,159.0,0.409,36.0,98.0,0.367,29.0,61.0,0.475,0.522,25.0,28.0,0.893,24.0,100.0,124.0,31.0,18.0,5.0,12.0,63.0,191.0
Jahlil Okafor,C,24.0,NOP,28.0,9.0,424.0,88.0,144.0,0.611,1.0,2.0,0.5,87.0,142.0,0.613,0.615,37.0,58.0,0.638,46.0,73.0,119.0,36.0,7.0,19.0,36.0,63.0,214.0
Elie Okobo,PG,22.0,PHO,54.0,3.0,707.0,72.0,181.0,0.398,25.0,71.0,0.352,47.0,110.0,0.427,0.467,46.0,67.0,0.687,16.0,72.0,88.0,113.0,24.0,4.0,38.0,53.0,215.0
Josh Okogie,SG,21.0,MIN,62.0,28.0,1547.0,170.0,398.0,0.427,41.0,154.0,0.266,129.0,244.0,0.529,0.479,152.0,191.0,0.796,87.0,181.0,268.0,99.0,68.0,26.0,87.0,139.0,533.0
KZ Okpala,SF,20.0,MIA,5.0,0.0,26.0,3.0,5.0,0.6,0.0,1.0,0.0,3.0,4.0,0.75,0.6,1.0,2.0,0.5,1.0,4.0,5.0,1.0,2.0,1.0,1.0,2.0,7.0
Victor Oladipo,SG,27.0,IND,13.0,10.0,337.0,63.0,161.0,0.391,21.0,69.0,0.304,42.0,92.0,0.457,0.457,32.0,41.0,0.78,7.0,34.0,41.0,39.0,11.0,3.0,28.0,21.0,179.0
Kelly Olynyk,C,28.0,MIA,59.0,6.0,1089.0,151.0,317.0,0.476,80.0,185.0,0.432,71.0,132.0,0.538,0.603,70.0,82.0,0.854,37.0,222.0,259.0,97.0,38.0,18.0,63.0,144.0,452.0
Miye Oni,SG,22.0,UTA,5.0,0.0,11.0,0.0,2.0,0.0,0.0,1.0,0.0,0.0,1.0,0.0,0.0,0.0,0.0,0.0,0.0,2.0,2.0,0.0,0.0,0.0,1.0,0.0,0.0
Cedi Osman,SF,24.0,CLE,65.0,65.0,1910.0,266.0,609.0,0.437,123.0,321.0,0.383,143.0,288.0,0.497,0.538,63.0,94.0,0.67,39.0,192.0,231.0,154.0,54.0,16.0,91.0,160.0,718.0
Kelly Oubre Jr.,SF,24.0,PHO,56.0,55.0,1933.0,373.0,826.0,0.452,108.0,307.0,0.352,265.0,519.0,0.511,0.517,192.0,246.0,0.78,67.0,294.0,361.0,85.0,71.0,40.0,83.0,192.0,1046.0
Tariq Owens,PF,24.0,PHO,3.0,0.0,15.0,1.0,5.0,0.2,0.0,2.0,0.0,1.0,3.0,0.333,0.2,2.0,2.0,1.0,2.0,1.0,3.0,0.0,1.0,0.0,0.0,1.0,4.0
Jeremy Pargo,PG,33.0,GSW,3.0,0.0,44.0,11.0,22.0,0.5,3.0,7.0,0.429,8.0,15.0,0.533,0.568,0.0,1.0,0.0,1.0,2.0,3.0,8.0,1.0,0.0,4.0,8.0,25.0
Jabari Parker,PF,24.0,SAC,1.0,0.0,15.0,1.0,6.0,0.167,0.0,1.0,0.0,1.0,5.0,0.2,0.167,2.0,2.0,1.0,0.0,4.0,4.0,2.0,0.0,0.0,0.0,1.0,4.0
Chandler Parsons,SF,31.0,ATL,5.0,0.0,54.0,5.0,18.0,0.278,4.0,14.0,0.286,1.0,4.0,0.25,0.389,0.0,0.0,0.0,1.0,6.0,7.0,3.0,4.0,1.0,3.0,3.0,14.0
Eric Paschall,PF,23.0,GSW,60.0,26.0,1654.0,318.0,640.0,0.497,37.0,129.0,0.287,281.0,511.0,0.55,0.526,164.0,212.0,0.774,82.0,193.0,275.0,127.0,32.0,13.0,94.0,125.0,837.0
Anžejs Pasečņiks,C,24.0,WAS,24.0,0.0,405.0,56.0,106.0,0.528,0.0,2.0,0.0,56.0,104.0,0.538,0.528,32.0,54.0,0.593,39.0,60.0,99.0,17.0,8.0,12.0,22.0,65.0,144.0
Patrick Patterson,PF,30.0,LAC,51.0,18.0,607.0,76.0,188.0,0.404,55.0,142.0,0.387,21.0,46.0,0.457,0.551,27.0,34.0,0.794,30.0,91.0,121.0,31.0,6.0,3.0,18.0,41.0,234.0
Justin Patton,C,22.0,OKC,5.0,0.0,24.0,4.0,10.0,0.4,1.0,4.0,0.25,3.0,6.0,0.5,0.45,0.0,0.0,0.0,1.0,4.0,5.0,2.0,0.0,0.0,2.0,4.0,9.0
Chris Paul,PG,34.0,OKC,63.0,63.0,2003.0,394.0,805.0,0.489,101.0,279.0,0.362,293.0,526.0,0.557,0.552,225.0,250.0,0.9,21.0,289.0,310.0,426.0,98.0,9.0,137.0,139.0,1114.0
Elfrid Payton,PG,25.0,NYK,45.0,36.0,1246.0,193.0,440.0,0.439,14.0,69.0,0.203,179.0,371.0,0.482,0.455,49.0,86.0,0.57,52.0,160.0,212.0,323.0,70.0,17.0,96.0,89.0,449.0
Gary Payton II,PG,27.0,WAS,29.0,17.0,432.0,48.0,116.0,0.414,13.0,46.0,0.283,35.0,70.0,0.5,0.47,4.0,8.0,0.5,26.0,54.0,80.0,48.0,33.0,7.0,20.0,54.0,113.0
Norvel Pelle,C,26.0,PHI,20.0,0.0,178.0,18.0,35.0,0.514,0.0,0.0,0.0,18.0,35.0,0.514,0.514,6.0,12.0,0.5,16.0,44.0,60.0,7.0,1.0,25.0,13.0,39.0,42.0
Theo Pinson,SG,24.0,BRK,33.0,0.0,365.0,45.0,155.0,0.29,15.0,80.0,0.188,30.0,75.0,0.4,0.339,15.0,16.0,0.938,10.0,44.0,54.0,56.0,17.0,4.0,33.0,35.0,120.0
Mason Plumlee,C,29.0,DEN,53.0,1.0,900.0,153.0,248.0,0.617,0.0,4.0,0.0,153.0,244.0,0.627,0.617,74.0,138.0,0.536,89.0,193.0,282.0,125.0,29.0,33.0,72.0,125.0,380.0
Jakob Poeltl,C,24.0,SAS,58.0,10.0,965.0,135.0,218.0,0.619,0.0,0.0,0.0,135.0,218.0,0.619,0.619,36.0,74.0,0.486,104.0,206.0,310.0,102.0,30.0,84.0,45.0,96.0,306.0
Vincent Poirier,C,26.0,BOS,21.0,0.0,114.0,16.0,33.0,0.485,1.0,2.0,0.5,15.0,31.0,0.484,0.5,6.0,7.0,0.857,10.0,24.0,34.0,7.0,2.0,6.0,6.0,23.0,39.0
Shamorie Ponds,PG,21.0,TOR,4.0,0.0,11.0,3.0,5.0,0.6,1.0,2.0,0.5,2.0,3.0,0.667,0.7,2.0,2.0,1.0,0.0,1.0,1.0,2.0,0.0,1.0,0.0,2.0,9.0
Jordan Poole,SG,20.0,GSW,57.0,14.0,1274.0,167.0,502.0,0.333,74.0,265.0,0.279,93.0,237.0,0.392,0.406,95.0,119.0,0.798,9.0,109.0,118.0,134.0,35.0,10.0,74.0,94.0,503.0
Kevin Porter Jr.,SF,19.0,CLE,50.0,3.0,1162.0,186.0,421.0,0.442,53.0,158.0,0.335,133.0,263.0,0.506,0.505,73.0,101.0,0.723,22.0,140.0,162.0,109.0,46.0,14.0,93.0,135.0,498.0
Michael Porter Jr.,PF,21.0,DEN,48.0,1.0,670.0,141.0,285.0,0.495,43.0,102.0,0.422,98.0,183.0,0.536,0.57,33.0,43.0,0.767,53.0,146.0,199.0,35.0,20.0,19.0,35.0,75.0,358.0
Otto Porter,SF,26.0,CHI,14.0,9.0,331.0,62.0,140.0,0.443,24.0,62.0,0.387,38.0,78.0,0.487,0.529,19.0,27.0,0.704,13.0,35.0,48.0,25.0,15.0,6.0,11.0,31.0,167.0
Bobby Portis,C,24.0,NYK,66.0,5.0,1393.0,265.0,589.0,0.45,67.0,187.0,0.358,198.0,402.0,0.493,0.507,71.0,93.0,0.763,80.0,258.0,338.0,98.0,32.0,18.0,73.0,110.0,668.0
Kristaps Porziņģis,PF,24.0,DAL,51.0,51.0,1597.0,339.0,808.0,0.42,126.0,361.0,0.349,213.0,447.0,0.477,0.498,177.0,228.0,0.776,89.0,394.0,483.0,89.0,36.0,106.0,84.0,157.0,981.0
Dwight Powell,C,28.0,DAL,40.0,37.0,1061.0,146.0,229.0,0.638,10.0,39.0,0.256,136.0,190.0,0.716,0.659,74.0,111.0,0.667,75.0,152.0,227.0,59.0,34.0,22.0,36.0,102.0,376.0
Norman Powell,SG,26.0,TOR,44.0,23.0,1269.0,259.0,516.0,0.502,94.0,236.0,0.398,165.0,280.0,0.589,0.593,109.0,130.0,0.838,23.0,138.0,161.0,78.0,55.0,17.0,64.0,93.0,721.0
Chasson Randle,PG,26.0,GSW,3.0,0.0,40.0,0.0,4.0,0.0,0.0,2.0,0.0,0.0,2.0,0.0,0.0,5.0,6.0,0.833,0.0,2.0,2.0,5.0,2.0,0.0,0.0,3.0,5.0
Julius Randle,PF,25.0,NYK,64.0,64.0,2080.0,463.0,1006.0,0.46,64.0,231.0,0.277,399.0,775.0,0.515,0.492,258.0,352.0,0.733,151.0,471.0,622.0,198.0,51.0,22.0,193.0,178.0,1248.0
Josh Reaves,SG,22.0,DAL,2.0,0.0,1.0,0.0,1.0,0.0,0.0,0.0,0.0,0.0,1.0,0.0,0.0,0.0,0.0,0.0,0.0,0.0,0.0,0.0,0.0,0.0,0.0,0.0,0.0
Cam Reddish,SF,20.0,ATL,58.0,34.0,1551.0,213.0,554.0,0.384,83.0,250.0,0.332,130.0,304.0,0.428,0.459,101.0,126.0,0.802,35.0,181.0,216.0,87.0,62.0,28.0,96.0,132.0,610.0
J.J. Redick,SG,35.0,NOP,54.0,35.0,1425.0,251.0,558.0,0.45,156.0,345.0,0.452,95.0,213.0,0.446,0.59,147.0,163.0,0.902,9.0,131.0,140.0,108.0,19.0,9.0,65.0,86.0,805.0
Naz Reid,C,20.0,MIN,30.0,11.0,495.0,100.0,243.0,0.412,32.0,97.0,0.33,68.0,146.0,0.466,0.477,37.0,53.0,0.698,34.0,90.0,124.0,35.0,19.0,22.0,22.0,83.0,269.0
Josh Richardson,SG,26.0,PHI,48.0,46.0,1474.0,246.0,574.0,0.429,70.0,214.0,0.327,176.0,360.0,0.489,0.49,101.0,128.0,0.789,37.0,125.0,162.0,148.0,45.0,34.0,91.0,120.0,663.0
Austin Rivers,SG,27.0,HOU,60.0,4.0,1402.0,182.0,432.0,0.421,83.0,232.0,0.358,99.0,200.0,0.495,0.517,60.0,90.0,0.667,25.0,117.0,142.0,96.0,42.0,10.0,35.0,112.0,507.0
Duncan Robinson,SF,25.0,MIA,65.0,60.0,1949.0,286.0,613.0,0.467,243.0,543.0,0.448,43.0,70.0,0.614,0.665,48.0,53.0,0.906,9.0,203.0,212.0,91.0,35.0,15.0,60.0,179.0,863.0
Glenn Robinson III,SF,26.0,PHI,12.0,4.0,227.0,37.0,71.0,0.521,6.0,21.0,0.286,31.0,50.0,0.62,0.563,9.0,9.0,1.0,12.0,22.0,34.0,11.0,8.0,2.0,3.0,15.0,89.0
Jerome Robinson,SG,22.0,WAS,13.0,3.0,272.0,29.0,80.0,0.363,12.0,37.0,0.324,17.0,43.0,0.395,0.438,9.0,10.0,0.9,4.0,42.0,46.0,19.0,9.0,6.0,8.0,28.0,79.0
Justin Robinson,PG,22.0,WAS,9.0,0.0,49.0,5.0,12.0,0.417,3.0,5.0,0.6,2.0,7.0,0.286,0.542,0.0,0.0,0.0,1.0,4.0,5.0,7.0,0.0,1.0,3.0,2.0,13.0
Mitchell Robinson,C,21.0,NYK,61.0,7.0,1412.0,253.0,341.0,0.742,0.0,0.0,0.0,253.0,341.0,0.742,0.742,84.0,148.0,0.568,186.0,242.0,428.0,36.0,52.0,119.0,37.0,194.0,590.0
Isaiah Roby,SF,21.0,OKC,3.0,0.0,11.0,0.0,1.0,0.0,0.0,0.0,0.0,0.0,1.0,0.0,0.0,0.0,0.0,0.0,0.0,2.0,2.0,0.0,0.0,0.0,1.0,1.0,0.0
Rajon Rondo,PG,33.0,LAL,48.0,3.0,984.0,137.0,328.0,0.418,41.0,125.0,0.328,96.0,203.0,0.473,0.48,27.0,41.0,0.659,23.0,119.0,142.0,240.0,40.0,2.0,91.0,58.0,342.0
Derrick Rose,PG,31.0,DET,50.0,15.0,1298.0,369.0,753.0,0.49,45.0,147.0,0.306,324.0,606.0,0.535,0.52,121.0,139.0,0.871,27.0,94.0,121.0,278.0,40.0,16.0,126.0,49.0,904.0
Terrence Ross,SG,28.0,ORL,63.0,0.0,1723.0,316.0,777.0,0.407,162.0,454.0,0.357,154.0,323.0,0.477,0.511,136.0,161.0,0.845,13.0,190.0,203.0,74.0,69.0,22.0,62.0,95.0,930.0
Terry Rozier,PG,25.0,CHO,63.0,63.0,2164.0,398.0,941.0,0.423,172.0,423.0,0.407,226.0,518.0,0.436,0.514,166.0,190.0,0.874,50.0,226.0,276.0,259.0,61.0,10.0,141.0,126.0,1134.0
Ricky Rubio,PG,29.0,PHO,57.0,57.0,1802.0,252.0,611.0,0.412,66.0,188.0,0.351,186.0,423.0,0.44,0.466,174.0,204.0,0.853,42.0,223.0,265.0,507.0,88.0,9.0,155.0,143.0,744.0
D'Angelo Russell,PG,23.0,MIN,12.0,12.0,392.0,87.0,211.0,0.412,38.0,110.0,0.345,49.0,101.0,0.485,0.502,48.0,55.0,0.873,3.0,52.0,55.0,79.0,17.0,4.0,46.0,22.0,260.0
Domantas Sabonis,C,23.0,IND,62.0,62.0,2159.0,458.0,848.0,0.54,17.0,67.0,0.254,441.0,781.0,0.565,0.55,214.0,296.0,0.723,189.0,582.0,771.0,310.0,47.0,30.0,170.0,195.0,1147.0
Luka Šamanić,PF,20.0,SAS,1.0,0.0,12.0,0.0,4.0,0.0,0.0,2.0,0.0,0.0,2.0,0.0,0.0,0.0,0.0,0.0,0.0,2.0,2.0,3.0,0.0,0.0,0.0,0.0,0.0
JaKarr Sampson,SF,26.0,IND,26.0,10.0,340.0,48.0,81.0,0.593,2.0,13.0,0.154,46.0,68.0,0.676,0.605,11.0,20.0,0.55,15.0,44.0,59.0,9.0,9.0,9.0,7.0,43.0,109.0
Dario Šarić,PF,25.0,PHO,58.0,50.0,1441.0,217.0,470.0,0.462,73.0,214.0,0.341,144.0,256.0,0.563,0.539,79.0,95.0,0.832,89.0,256.0,345.0,109.0,34.0,15.0,72.0,132.0,586.0
Tomáš Satoranský,PG,28.0,CHI,65.0,64.0,1878.0,237.0,551.0,0.43,64.0,199.0,0.322,173.0,352.0,0.491,0.488,106.0,121.0,0.876,76.0,178.0,254.0,354.0,80.0,7.0,130.0,135.0,644.0
Admiral Schofield,SF,22.0,WAS,27.0,2.0,293.0,30.0,75.0,0.4,14.0,47.0,0.298,16.0,28.0,0.571,0.493,9.0,13.0,0.692,6.0,28.0,34.0,14.0,8.0,3.0,7.0,41.0,83.0
Dennis Schröder,PG,26.0,OKC,63.0,1.0,1952.0,442.0,945.0,0.468,122.0,320.0,0.381,320.0,625.0,0.512,0.532,193.0,230.0,0.839,19.0,214.0,233.0,256.0,43.0,14.0,159.0,138.0,1199.0
Mike Scott,PF,31.0,PHI,63.0,10.0,1119.0,130.0,319.0,0.408,73.0,204.0,0.358,57.0,115.0,0.496,0.522,25.0,30.0,0.833,58.0,167.0,225.0,48.0,19.0,5.0,24.0,85.0,358.0
Thabo Sefolosha,PF,35.0,HOU,41.0,0.0,436.0,37.0,91.0,0.407,15.0,54.0,0.278,22.0,37.0,0.595,0.489,3.0,8.0,0.375,21.0,72.0,93.0,25.0,24.0,12.0,15.0,43.0,92.0
Collin Sexton,SG,21.0,CLE,65.0,65.0,2143.0,513.0,1086.0,0.472,97.0,255.0,0.38,416.0,831.0,0.501,0.517,226.0,267.0,0.846,61.0,143.0,204.0,192.0,65.0,7.0,158.0,142.0,1349.0
Landry Shamet,SG,22.0,LAC,47.0,27.0,1294.0,146.0,351.0,0.416,105.0,268.0,0.392,41.0,83.0,0.494,0.566,57.0,63.0,0.905,6.0,84.0,90.0,87.0,19.0,9.0,36.0,130.0,454.0
Marial Shayok,SG,24.0,PHI,2.0,0.0,10.0,1.0,5.0,0.2,1.0,3.0,0.333,0.0,2.0,0.0,0.3,0.0,0.0,0.0,0.0,3.0,3.0,1.0,0.0,0.0,1.0,0.0,3.0
Iman Shumpert,SG,29.0,BRK,13.0,0.0,241.0,21.0,64.0,0.328,8.0,33.0,0.242,13.0,31.0,0.419,0.391,4.0,7.0,0.571,9.0,25.0,34.0,12.0,12.0,2.0,10.0,21.0,54.0
Pascal Siakam,PF,25.0,TOR,53.0,53.0,1882.0,459.0,1000.0,0.459,115.0,320.0,0.359,344.0,680.0,0.506,0.517,220.0,275.0,0.8,57.0,342.0,399.0,191.0,53.0,49.0,132.0,151.0,1253.0
Chris Silva,PF,23.0,MIA,41.0,0.0,307.0,43.0,69.0,0.623,0.0,2.0,0.0,43.0,67.0,0.642,0.623,34.0,49.0,0.694,54.0,55.0,109.0,21.0,9.0,18.0,31.0,80.0,120.0
Ben Simmons,PG,23.0,PHI,54.0,54.0,1930.0,361.0,617.0,0.585,2.0,6.0,0.333,359.0,611.0,0.588,0.587,178.0,284.0,0.627,108.0,315.0,423.0,442.0,115.0,32.0,192.0,173.0,902.0
Anfernee Simons,SG,20.0,POR,65.0,4.0,1400.0,211.0,525.0,0.402,74.0,219.0,0.338,137.0,306.0,0.448,0.472,76.0,92.0,0.826,25.0,122.0,147.0,95.0,26.0,10.0,61.0,131.0,572.0
Alen Smailagić,PF,19.0,GSW,14.0,0.0,139.0,20.0,40.0,0.5,3.0,13.0,0.231,17.0,27.0,0.63,0.538,16.0,19.0,0.842,10.0,17.0,27.0,13.0,3.0,4.0,11.0,14.0,59.0
Marcus Smart,SG,25.0,BOS,53.0,39.0,1721.0,240.0,632.0,0.38,128.0,368.0,0.348,112.0,264.0,0.424,0.481,106.0,127.0,0.835,40.0,164.0,204.0,257.0,86.0,27.0,89.0,142.0,714.0
Dennis Smith Jr.,PG,22.0,NYK,34.0,3.0,537.0,72.0,211.0,0.341,16.0,54.0,0.296,56.0,157.0,0.357,0.379,27.0,53.0,0.509,21.0,57.0,78.0,98.0,28.0,8.0,58.0,65.0,187.0
Ish Smith,PG,31.0,WAS,60.0,19.0,1570.0,262.0,581.0,0.451,55.0,150.0,0.367,207.0,431.0,0.48,0.498,48.0,70.0,0.686,28.0,161.0,189.0,285.0,52.0,24.0,77.0,84.0,627.0
Zhaire Smith,SG,20.0,PHI,7.0,0.0,32.0,3.0,11.0,0.273,0.0,3.0,0.0,3.0,8.0,0.375,0.273,2.0,4.0,0.5,0.0,2.0,2.0,2.0,3.0,0.0,2.0,4.0,8.0
Tony Snell,SF,28.0,DET,59.0,57.0,1641.0,170.0,382.0,0.445,102.0,254.0,0.402,68.0,128.0,0.531,0.579,32.0,32.0,1.0,9.0,102.0,111.0,127.0,32.0,15.0,31.0,101.0,474.0
Omari Spellman,PF,22.0,GSW,49.0,3.0,886.0,127.0,295.0,0.431,43.0,110.0,0.391,84.0,185.0,0.454,0.503,73.0,92.0,0.793,77.0,142.0,219.0,47.0,33.0,24.0,54.0,63.0,370.0
Max Strus,SG,23.0,CHI,2.0,0.0,6.0,2.0,3.0,0.667,0.0,1.0,0.0,2.0,2.0,1.0,0.667,1.0,1.0,1.0,1.0,0.0,1.0,0.0,0.0,0.0,0.0,1.0,5.0
Edmond Sumner,PG,24.0,IND,25.0,2.0,345.0,47.0,111.0,0.423,10.0,38.0,0.263,37.0,73.0,0.507,0.468,10.0,15.0,0.667,10.0,27.0,37.0,39.0,15.0,8.0,19.0,35.0,114.0
Caleb Swanigan,PF,22.0,POR,20.0,1.0,265.0,26.0,43.0,0.605,0.0,2.0,0.0,26.0,41.0,0.634,0.605,8.0,15.0,0.533,25.0,68.0,93.0,29.0,2.0,5.0,31.0,54.0,60.0
Jayson Tatum,PF,21.0,BOS,59.0,59.0,2043.0,499.0,1113.0,0.448,167.0,420.0,0.398,332.0,693.0,0.479,0.523,225.0,279.0,0.806,57.0,361.0,418.0,174.0,83.0,53.0,132.0,121.0,1390.0
Jeff Teague,PG,31.0,ATL,25.0,4.0,519.0,68.0,165.0,0.412,10.0,30.0,0.333,58.0,135.0,0.43,0.442,47.0,53.0,0.887,12.0,42.0,54.0,100.0,19.0,6.0,40.0,36.0,193.0
Garrett Temple,SG,33.0,BRK,55.0,31.0,1547.0,198.0,524.0,0.378,112.0,346.0,0.324,86.0,178.0,0.483,0.485,56.0,73.0,0.767,28.0,162.0,190.0,141.0,44.0,26.0,57.0,95.0,564.0
Daniel Theis,C,27.0,BOS,58.0,57.0,1382.0,216.0,382.0,0.565,26.0,81.0,0.321,190.0,301.0,0.631,0.599,81.0,106.0,0.764,130.0,250.0,380.0,95.0,35.0,75.0,48.0,201.0,539.0
Isaiah Thomas,PG,30.0,WAS,40.0,37.0,925.0,174.0,426.0,0.408,78.0,189.0,0.413,96.0,237.0,0.405,0.5,62.0,76.0,0.816,11.0,57.0,68.0,146.0,13.0,6.0,77.0,77.0,488.0
Khyri Thomas,SG,23.0,DET,8.0,0.0,61.0,5.0,17.0,0.294,5.0,14.0,0.357,0.0,3.0,0.0,0.441,2.0,4.0,0.5,1.0,0.0,1.0,3.0,3.0,0.0,3.0,9.0,17.0
Matt Thomas,SG,25.0,TOR,33.0,0.0,321.0,54.0,111.0,0.486,35.0,75.0,0.467,19.0,36.0,0.528,0.644,7.0,10.0,0.7,7.0,41.0,48.0,17.0,8.0,0.0,12.0,31.0,150.0
Tristan Thompson,C,28.0,CLE,57.0,51.0,1721.0,288.0,562.0,0.512,9.0,23.0,0.391,279.0,539.0,0.518,0.52,99.0,161.0,0.615,226.0,351.0,577.0,120.0,33.0,50.0,103.0,124.0,684.0
Matisse Thybulle,SG,22.0,PHI,57.0,13.0,1110.0,96.0,234.0,0.41,50.0,142.0,0.352,46.0,92.0,0.5,0.517,25.0,41.0,0.61,35.0,51.0,86.0,70.0,80.0,40.0,45.0,120.0,267.0
Anthony Tolliver,PF,34.0,MEM,5.0,0.0,96.0,8.0,21.0,0.381,7.0,17.0,0.412,1.0,4.0,0.25,0.548,4.0,4.0,1.0,1.0,11.0,12.0,1.0,3.0,1.0,5.0,4.0,27.0
Juan Toscano-Anderson,SF,26.0,GSW,13.0,6.0,272.0,29.0,63.0,0.46,8.0,23.0,0.348,21.0,40.0,0.525,0.524,3.0,5.0,0.6,9.0,43.0,52.0,26.0,13.0,5.0,16.0,30.0,69.0
Karl-Anthony Towns,C,24.0,MIN,35.0,35.0,1187.0,316.0,622.0,0.508,114.0,277.0,0.412,202.0,345.0,0.586,0.6,180.0,226.0,0.796,95.0,283.0,378.0,153.0,33.0,42.0,110.0,117.0,926.0
Gary Trent Jr.,SG,21.0,POR,53.0,8.0,1059.0,149.0,350.0,0.426,78.0,201.0,0.388,71.0,149.0,0.477,0.537,30.0,36.0,0.833,20.0,68.0,88.0,50.0,39.0,13.0,19.0,69.0,406.0
Allonzo Trier,PG,24.0,NYK,24.0,1.0,291.0,51.0,106.0,0.481,19.0,53.0,0.358,32.0,53.0,0.604,0.571,34.0,43.0,0.791,6.0,23.0,29.0,28.0,3.0,4.0,22.0,29.0,155.0
P.J. Tucker,PF,34.0,HOU,64.0,64.0,2203.0,162.0,374.0,0.433,95.0,257.0,0.37,67.0,117.0,0.573,0.56,37.0,44.0,0.841,102.0,339.0,441.0,101.0,70.0,31.0,67.0,209.0,456.0
Rayjon Tucker,SG,22.0,UTA,14.0,0.0,78.0,8.0,19.0,0.421,0.0,6.0,0.0,8.0,13.0,0.615,0.421,3.0,5.0,0.6,2.0,11.0,13.0,2.0,1.0,0.0,3.0,7.0,19.0
Evan Turner,PG,31.0,ATL,19.0,0.0,251.0,25.0,67.0,0.373,0.0,5.0,0.0,25.0,62.0,0.403,0.373,12.0,14.0,0.857,8.0,30.0,38.0,38.0,9.0,8.0,26.0,20.0,62.0
Myles Turner,C,23.0,IND,55.0,55.0,1628.0,233.0,517.0,0.451,77.0,229.0,0.336,156.0,288.0,0.542,0.525,108.0,144.0,0.75,70.0,290.0,360.0,61.0,42.0,120.0,68.0,138.0,651.0
Jarrod Uthoff,SF,26.0,MEM,4.0,0.0,14.0,1.0,7.0,0.143,0.0,4.0,0.0,1.0,3.0,0.333,0.143,2.0,2.0,1.0,1.0,0.0,1.0,0.0,1.0,0.0,0.0,1.0,4.0
Jonas Valančiūnas,C,27.0,MEM,62.0,62.0,1630.0,385.0,657.0,0.586,29.0,79.0,0.367,356.0,578.0,0.616,0.608,123.0,168.0,0.732,190.0,506.0,696.0,109.0,25.0,69.0,107.0,159.0,922.0
Denzel Valentine,SF,26.0,CHI,36.0,5.0,488.0,97.0,237.0,0.409,46.0,137.0,0.336,51.0,100.0,0.51,0.506,6.0,8.0,0.75,9.0,65.0,74.0,43.0,26.0,6.0,26.0,51.0,246.0
Jarred Vanderbilt,PF,20.0,MIN,2.0,0.0,5.0,0.0,1.0,0.0,0.0,1.0,0.0,0.0,0.0,0.0,0.0,2.0,2.0,1.0,0.0,1.0,1.0,0.0,0.0,0.0,0.0,0.0,2.0
Fred VanVleet,PG,25.0,TOR,48.0,48.0,1719.0,287.0,701.0,0.409,131.0,338.0,0.388,156.0,363.0,0.43,0.503,140.0,166.0,0.843,18.0,162.0,180.0,317.0,91.0,13.0,110.0,118.0,845.0
Gabe Vincent,PG,23.0,MIA,6.0,0.0,42.0,4.0,19.0,0.211,4.0,16.0,0.25,0.0,3.0,0.0,0.316,0.0,0.0,0.0,0.0,3.0,3.0,3.0,1.0,0.0,0.0,2.0,12.0
Noah Vonleh,PF,24.0,DEN,4.0,0.0,17.0,3.0,3.0,1.0,1.0,1.0,1.0,2.0,2.0,1.0,1.167,1.0,2.0,0.5,3.0,4.0,7.0,1.0,0.0,0.0,2.0,2.0,8.0
Nikola Vučević,C,29.0,ORL,54.0,54.0,1763.0,428.0,910.0,0.47,82.0,249.0,0.329,346.0,661.0,0.523,0.515,114.0,146.0,0.781,130.0,466.0,596.0,202.0,46.0,47.0,77.0,121.0,1052.0
Dean Wade,PF,23.0,CLE,12.0,0.0,71.0,9.0,13.0,0.692,2.0,4.0,0.5,7.0,9.0,0.778,0.769,0.0,1.0,0.0,3.0,16.0,19.0,2.0,2.0,4.0,3.0,8.0,20.0
Moritz Wagner,C,22.0,WAS,37.0,5.0,707.0,131.0,228.0,0.575,23.0,67.0,0.343,108.0,161.0,0.671,0.625,67.0,82.0,0.817,51.0,141.0,192.0,49.0,22.0,17.0,55.0,134.0,352.0
Dion Waiters,SG,28.0,MIA,3.0,0.0,42.0,10.0,26.0,0.385,8.0,17.0,0.471,2.0,9.0,0.222,0.538,0.0,1.0,0.0,0.0,11.0,11.0,3.0,0.0,2.0,3.0,5.0,28.0
Kemba Walker,PG,29.0,BOS,50.0,50.0,1592.0,350.0,832.0,0.421,165.0,438.0,0.377,185.0,394.0,0.47,0.52,195.0,225.0,0.867,33.0,171.0,204.0,247.0,47.0,25.0,107.0,77.0,1060.0
Lonnie Walker,SG,21.0,SAS,53.0,4.0,767.0,116.0,267.0,0.434,29.0,71.0,0.408,87.0,196.0,0.444,0.489,38.0,53.0,0.717,20.0,95.0,115.0,46.0,28.0,13.0,31.0,70.0,299.0
Tyrone Wallace,SG,25.0,ATL,14.0,0.0,160.0,14.0,44.0,0.318,1.0,15.0,0.067,13.0,29.0,0.448,0.33,11.0,17.0,0.647,3.0,19.0,22.0,13.0,7.0,1.0,10.0,19.0,40.0
Taurean Prince,SF,25.0,BRK,64.0,61.0,1857.0,278.0,739.0,0.376,146.0,431.0,0.339,132.0,308.0,0.429,0.475,71.0,89.0,0.798,50.0,331.0,381.0,116.0,57.0,25.0,127.0,159.0,773.0
Derrick Walton,PG,24.0,DET,3.0,0.0,26.0,1.0,3.0,0.333,1.0,3.0,0.333,0.0,0.0,0.0,0.5,0.0,0.0,0.0,0.0,1.0,1.0,5.0,3.0,0.0,1.0,2.0,3.0
Brad Wanamaker,PG,30.0,BOS,63.0,1.0,1215.0,136.0,318.0,0.428,33.0,90.0,0.367,103.0,228.0,0.452,0.48,108.0,116.0,0.931,19.0,105.0,124.0,158.0,52.0,12.0,70.0,120.0,413.0
T.J. Warren,SF,26.0,IND,61.0,61.0,1984.0,460.0,869.0,0.529,69.0,184.0,0.375,391.0,685.0,0.571,0.569,151.0,186.0,0.812,61.0,181.0,242.0,87.0,70.0,27.0,77.0,170.0,1140.0
P.J. Washington,PF,21.0,CHO,58.0,57.0,1759.0,268.0,589.0,0.455,86.0,230.0,0.374,182.0,359.0,0.507,0.528,88.0,136.0,0.647,58.0,258.0,316.0,123.0,51.0,44.0,93.0,158.0,710.0
Yuta Watanabe,SG,25.0,MEM,16.0,0.0,99.0,12.0,29.0,0.414,3.0,8.0,0.375,9.0,21.0,0.429,0.466,3.0,8.0,0.375,6.0,11.0,17.0,4.0,5.0,1.0,2.0,9.0,30.0
Tremont Waters,PG,22.0,BOS,10.0,0.0,89.0,12.0,35.0,0.343,3.0,17.0,0.176,9.0,18.0,0.5,0.386,6.0,6.0,1.0,0.0,9.0,9.0,12.0,5.0,2.0,10.0,11.0,33.0
Paul Watson,SF,25.0,TOR,3.0,0.0,8.0,0.0,1.0,0.0,0.0,1.0,0.0,0.0,0.0,0.0,0.0,1.0,2.0,0.5,0.0,2.0,2.0,2.0,0.0,1.0,0.0,0.0,1.0
Quinndary Weatherspoon,SG,23.0,SAS,3.0,0.0,15.0,0.0,3.0,0.0,0.0,1.0,0.0,0.0,2.0,0.0,0.0,0.0,0.0,0.0,0.0,1.0,1.0,1.0,0.0,0.0,0.0,0.0,0.0
Russell Westbrook,PG,31.0,HOU,53.0,53.0,1905.0,568.0,1199.0,0.474,51.0,201.0,0.254,517.0,998.0,0.518,0.495,269.0,346.0,0.777,94.0,332.0,426.0,370.0,88.0,17.0,236.0,187.0,1456.0
Coby White,SG,19.0,CHI,65.0,1.0,1674.0,312.0,792.0,0.394,133.0,376.0,0.354,179.0,416.0,0.43,0.478,102.0,129.0,0.791,28.0,202.0,230.0,175.0,49.0,6.0,109.0,117.0,859.0
Derrick White,SG,25.0,SAS,61.0,13.0,1468.0,213.0,464.0,0.459,57.0,160.0,0.356,156.0,304.0,0.513,0.52,150.0,175.0,0.857,30.0,163.0,193.0,206.0,39.0,55.0,75.0,133.0,633.0
Hassan Whiteside,C,30.0,POR,61.0,61.0,1911.0,418.0,676.0,0.618,4.0,7.0,0.571,414.0,669.0,0.619,0.621,153.0,225.0,0.68,244.0,625.0,869.0,74.0,24.0,187.0,117.0,179.0,993.0
Andrew Wiggins,SG,24.0,GSW,12.0,12.0,403.0,86.0,188.0,0.457,20.0,59.0,0.339,66.0,129.0,0.512,0.511,41.0,61.0,0.672,18.0,37.0,55.0,43.0,16.0,17.0,25.0,26.0,233.0
Grant Williams,PF,21.0,BOS,62.0,5.0,970.0,80.0,192.0,0.417,21.0,85.0,0.247,59.0,107.0,0.551,0.471,37.0,51.0,0.725,58.0,107.0,165.0,62.0,28.0,33.0,46.0,149.0,218.0
Johnathan Williams,C,24.0,WAS,11.0,5.0,135.0,16.0,25.0,0.64,0.0,2.0,0.0,16.0,23.0,0.696,0.64,3.0,5.0,0.6,15.0,28.0,43.0,6.0,1.0,6.0,4.0,11.0,35.0
Kenrich Williams,PF,25.0,NOP,35.0,18.0,779.0,49.0,143.0,0.343,25.0,96.0,0.26,24.0,47.0,0.511,0.43,9.0,24.0,0.375,49.0,129.0,178.0,53.0,25.0,21.0,21.0,81.0,132.0
Lou Williams,SG,33.0,LAC,60.0,8.0,1757.0,367.0,883.0,0.416,107.0,295.0,0.363,260.0,588.0,0.442,0.476,278.0,322.0,0.863,28.0,158.0,186.0,344.0,40.0,10.0,172.0,77.0,1119.0
Marvin Williams,PF,33.0,MIL,11.0,0.0,203.0,16.0,39.0,0.41,8.0,27.0,0.296,8.0,12.0,0.667,0.513,4.0,4.0,1.0,5.0,34.0,39.0,15.0,9.0,4.0,3.0,23.0,44.0
Robert Williams,C,22.0,BOS,23.0,1.0,323.0,42.0,62.0,0.677,0.0,0.0,0.0,42.0,62.0,0.677,0.677,14.0,25.0,0.56,34.0,74.0,108.0,22.0,20.0,28.0,20.0,40.0,98.0
Nigel Williams-Goss,PG,25.0,UTA,9.0,0.0,28.0,1.0,7.0,0.143,0.0,2.0,0.0,1.0,5.0,0.2,0.143,2.0,2.0,1.0,2.0,3.0,5.0,5.0,1.0,1.0,2.0,2.0,4.0
Zion Williamson,PF,19.0,NOP,19.0,19.0,565.0,172.0,292.0,0.589,6.0,13.0,0.462,166.0,279.0,0.595,0.599,98.0,152.0,0.645,55.0,74.0,129.0,41.0,16.0,9.0,51.0,32.0,448.0
D.J. Wilson,PF,23.0,MIL,31.0,0.0,280.0,40.0,101.0,0.396,14.0,55.0,0.255,26.0,46.0,0.565,0.465,6.0,9.0,0.667,10.0,58.0,68.0,22.0,2.0,5.0,15.0,26.0,100.0
Justise Winslow,SF,23.0,MIA,11.0,5.0,352.0,50.0,129.0,0.388,6.0,27.0,0.222,44.0,102.0,0.431,0.411,18.0,27.0,0.667,16.0,57.0,73.0,44.0,7.0,5.0,24.0,38.0,124.0
Christian Wood,PF,24.0,DET,62.0,12.0,1325.0,288.0,508.0,0.567,54.0,140.0,0.386,234.0,368.0,0.636,0.62,180.0,242.0,0.744,104.0,286.0,390.0,60.0,34.0,54.0,84.0,98.0,810.0
Delon Wright,SG,27.0,DAL,65.0,5.0,1412.0,179.0,381.0,0.47,45.0,117.0,0.385,134.0,264.0,0.508,0.529,71.0,90.0,0.789,66.0,193.0,259.0,220.0,76.0,21.0,68.0,83.0,474.0
Justin Wright-Foreman,PG,22.0,UTA,1.0,0.0,2.0,0.0,0.0,0.0,0.0,0.0,0.0,0.0,0.0,0.0,0.0,0.0,0.0,0.0,0.0,0.0,0.0,0.0,0.0,0.0,0.0,0.0,0.0
Thaddeus Young,PF,31.0,CHI,64.0,16.0,1591.0,269.0,601.0,0.448,79.0,222.0,0.356,190.0,379.0,0.501,0.513,42.0,72.0,0.583,94.0,221.0,315.0,117.0,92.0,23.0,102.0,134.0,659.0
Trae Young,PG,21.0,ATL,60.0,60.0,2120.0,546.0,1249.0,0.437,205.0,568.0,0.361,341.0,681.0,0.501,0.519,481.0,559.0,0.86,32.0,223.0,255.0,560.0,65.0,8.0,289.0,104.0,1778.0
Cody Zeller,C,27.0,CHO,58.0,39.0,1341.0,251.0,479.0,0.524,18.0,75.0,0.24,233.0,404.0,0.577,0.543,122.0,179.0,0.682,160.0,251.0,411.0,88.0,40.0,25.0,75.0,140.0,642.0
Ante Žižić,C,23.0,CLE,22.0,0.0,221.0,41.0,72.0,0.569,0.0,0.0,0.0,41.0,72.0,0.569,0.569,14.0,19.0,0.737,18.0,48.0,66.0,6.0,7.0,5.0,10.0,27.0,96.0
Ivica Zubac,C,22.0,LAC,64.0,62.0,1156.0,202.0,336.0,0.601,0.0,2.0,0.0,202.0,334.0,0.605,0.601,107.0,141.0,0.759,166.0,295.0,461.0,69.0,13.0,60.0,53.0,146.0,511.0
